,City,Country,Pop,Lat,Lon
0,Bishkek,KG,900000,42.87,74.59
1,PloieÅŸti,RO,228851,44.95,26.01667
2,Craiova,RO,304142,44.31667,23.8
3,BacÄƒu,RO,171396,46.56718,26.91384
4,RÃ¢mnicu VÃ¢lcea,RO,107558,45.1,24.36667
5,Sibiu,RO,151894,45.8,24.15
6,TimiÅŸoara,RO,315053,45.75372,21.22571
7,PiteÅŸti,RO,167669,44.85,24.86667
8,Arad,RO,169065,46.18333,21.31667
9,Cluj-Napoca,RO,316748,46.76667,23.6
10,Bucharest,RO,1877155,44.43225,26.10626
11,Baia Mare,RO,136553,47.65729,23.56808
12,Oradea,RO,206614,47.0458,21.91833
13,GalaÅ£i,RO,294087,45.43687,28.05028
14,BraÅŸov,RO,276088,45.64861,25.60613
15,IaÅŸi,RO,318012,47.16667,27.6
16,ConstanÅ£a,RO,303399,44.18073,28.63432
17,BrÄƒila,RO,213569,45.27152,27.97429
18,Riyadh,SA,4205961,24.68773,46.72185
19,Jeddah,SA,2867446,21.49012,39.18624
20,Abha,SA,210886,18.21639,42.50528
21,Dammam,SA,768602,26.43442,50.10326
22,Ha'il,SA,267005,27.52188,41.69073
23,Buraydah,SA,391336,26.32599,43.97497
24,Mecca,SA,1323624,21.42664,39.82563
25,San Salvador,SV,525990,13.68935,-89.18718
26,Copenhagen,DK,1153615,55.67594,12.56553
27,Tbilisi,GE,1049498,41.69411,44.83368
28,Debrecen,HU,204124,47.53167,21.62444
29,GyÅ‘r,HU,128265,47.68333,17.63512
30,Szeged,HU,164883,46.253,20.14824
31,PÃ©cs,HU,156649,46.0725,18.23083
32,KecskemÃ©t,HU,109847,46.90618,19.69128
33,Miskolc,HU,172637,48.10306,20.77806
34,Budapest,HU,1741041,47.49835,19.04045
35,Sofia,BG,1152556,42.69751,23.32415
36,Burgas,BG,195966,42.50606,27.46781
37,Plovdiv,BG,340494,42.15,24.75
38,Accra,GH,1963264,5.55602,-0.19690000000000002
39,Ulan Bator,MN,844818,47.90771,106.88324
40,á¸¨awallÄ«,KW,164212,29.33278,48.02861
41,KoÅ¡ice,SK,236563,48.71395,21.25808
42,Bratislava,SK,423737,48.14816,17.10674
43,Taitung City,TW,109584,22.7583,121.1444
44,Taichung,TW,1040725,24.1469,120.6839
45,Taoyuan City,TW,402014,24.99368,121.29696
46,Taipei,TW,7871900,25.04776,121.53185
47,Hsinchu,TW,404109,24.80361,120.96861
48,Keelung,TW,397515,25.12825,121.7419
49,Tainan,TW,771235,22.99083,120.21333
50,Douliu,TW,104723,23.70944,120.54333
51,Kaohsiung,TW,1519711,22.61626,120.31333
52,Middelburg,ZA,154706,-25.77507,29.46482
53,Pretoria,ZA,1619438,-25.74486,28.18783
54,East London,ZA,478676,-33.01529,27.91162
55,Johannesburg,ZA,2026469,-26.20227,28.04363
56,Bloemfontein,ZA,463064,-29.12107,26.214
57,Cape Town,ZA,3433441,-33.92584,18.42322
58,Vereeniging,ZA,474681,-26.67313,27.92615
59,Durban,ZA,3120282,-29.8579,31.0292
60,Klerksdorp,ZA,178921,-26.85213,26.66672
61,Richards Bay,ZA,252968,-28.78301,32.03768
62,Port Elizabeth,ZA,967677,-33.96109,25.61494
63,Worcester,ZA,127597,-33.64651,19.44852
64,Buenos Aires,AR,13076300,-34.61315,-58.37723
65,Vantaa,FI,190058,60.29414,25.04099
66,Turku,FI,175945,60.45148,22.26869
67,Oulu,FI,128618,65.01236,25.46816
68,Helsinki,FI,558457,60.16952,24.93545
69,Tampere,FI,202687,61.49911,23.78712
70,Zagreb,HR,698966,45.81444,15.97798
71,Rijeka,HR,141172,45.32673,14.44241
72,Split,HR,176314,43.50891,16.43915
73,ReykjavÃ­k,IS,118918,64.13548,-21.89541
74,Bologna,IT,366133,44.49381,11.33875
75,Livorno,IT,153773,43.54427,10.32615
76,Trieste,IT,187056,45.64953,13.77678
77,Modena,IT,158886,44.64783,10.92539
78,Prato,IT,181820,43.8805,11.09699
79,Florence,IT,349296,43.77925,11.24626
80,Naples,IT,959470,40.85216,14.26811
81,Rome,IT,2318895,41.89193,12.511330000000001
82,Turin,IT,870456,45.07049,7.68682
83,Milan,IT,1236837,45.46427,9.18951
84,Brescia,IT,184826,45.53558,10.21472
85,Parma,IT,146299,44.79935,10.32618
86,Skopje,MK,474889,41.99646,21.43141
87,Chelyabinsk,RU,1062919,55.15402,61.42915
88,Nizhniy Novgorod,RU,1284164,56.32867,44.00205
89,Saint Petersburg,RU,5028000,59.93863,30.31413
90,Krasnoyarsk,RU,927200,56.01839,92.86717
91,Tomsk,RU,485519,56.49771,84.97437
92,Novosibirsk,RU,1419007,55.0415,82.9346
93,Moscow,RU,10381222,55.75222,37.61556
94,Manama,BH,147074,26.22787,50.58565
95,San JosÃ©,CR,335007,9.93333,-84.08333
96,Algiers,DZ,1977663,36.73225,3.08746
97,Ecatepec de Morelos,MX,1655015,19.60492,-99.06064
98,Guadalajara,MX,1495182,20.66682,-103.39182
99,Cuernavaca,MX,338650,18.9261,-99.23075
100,Puebla,MX,1434062,19.03793,-98.20346
101,Mexico City,MX,12294193,19.42847,-99.12766
102,Morelia,MX,597511,19.70078,-101.18443
103,MÃ©rida,MX,777615,20.97537,-89.61696
104,San Luis PotosÃ­,MX,722772,22.14982,-100.97916
105,Chihuahua,MX,809232,28.63528,-106.08889
106,Monterrey,MX,1135512,25.67507,-100.31847
107,Pachuca de Soto,MX,256584,20.11697,-98.73329
108,Tepic,MX,332863,21.50951,-104.89569
109,Toluca,MX,489333,19.28786,-99.65324
110,Aguascalientes,MX,722250,21.88234,-102.28259
111,Oaxaca,MX,255029,17.06542,-96.72365
112,Dhaka,BD,10356500,23.7104,90.40744
113,Guatemala City,GT,994938,14.64072,-90.51327
114,Macau,MO,520400,22.20056,113.54611
115,Edinburgh,GB,464990,55.95206,-3.19648
116,Norwich,GB,213166,52.62783,1.29834
117,Liverpool,GB,864122,53.41058,-2.9779400000000003
118,Belfast,GB,274770,54.59682,-5.92541
119,Coventry,GB,359262,52.40656,-1.51217
120,Leeds,GB,455123,53.79648,-1.54785
121,Cardiff,GB,447287,51.48,-3.18
122,Bristol,GB,617280,51.45523,-2.59665
123,London,GB,7556900,51.50853,-0.12574000000000002
124,Birmingham,GB,984333,52.48142,-1.8998300000000001
125,Sheffield,GB,685368,53.38297,-1.4659
126,Newport,GB,306844,51.58774,-2.9983500000000003
127,Leicester,GB,508916,52.6386,-1.13169
128,Manchester,GB,395515,53.48095,-2.23743
129,Reading,GB,318014,51.45625,-0.97113
130,Plymouth,GB,260203,50.37153,-4.14305
131,Glasgow,GB,591620,55.86515,-4.25763
132,Preston,GB,313332,53.76282,-2.70452
133,Swansea,GB,300352,51.62079,-3.9432300000000002
134,Luton,GB,258018,51.87967,-0.41748
135,Southend-on-Sea,GB,295310,51.53782,0.71433
136,Isfahan,IR,1547164,32.65246,51.67462
137,ArÄ�k,IR,503647,34.09493,49.69809
138,Karaj,IR,1448075,35.83266,50.99155
139,Qom,IR,900000,34.6401,50.8764
140,OrÅ«mÄ«yeh,IR,577307,37.55274,45.07605
141,Yazd,IR,477905,31.89722,54.3675
142,ÄªlÄ�m,IR,140940,33.6374,46.4227
143,Kerman,IR,577514,30.28321,57.07879
144,Khorramshahr,IR,330606,30.44079,48.18428
145,Tabriz,IR,1424641,38.08,46.2919
146,Bandar Abbas,IR,352173,27.1865,56.2808
147,Sanandaj,IR,349176,35.31495,46.99883
148,Kermanshah,IR,621100,34.31417,47.065
149,Khorramabad,IR,329825,33.48778,48.35583
150,Shiraz,IR,1249942,29.61031,52.53113
151,ZanjÄ�n,IR,357471,36.67642,48.49628
152,Mashhad,IR,2307177,36.31559,59.56796
153,Tehran,IR,7153309,35.69439,51.42151
154,Kuantan,MY,366229,3.8077,103.326
155,Miri,MY,228212,4.39928,113.99163
156,George Town,MY,300000,5.41123,100.33543
157,Klang,MY,879867,3.03667,101.44333
158,Malacca,MY,180671,2.196,102.2405
159,Taiping,MY,217647,4.85,100.73333
160,Alor Setar,MY,217368,6.12104,100.36014
161,Kota Bharu,MY,1459994,6.12361,102.24333
162,Kuching,MY,570407,1.55,110.33333
163,Seremban,MY,372917,2.7297000000000002,101.9381
164,Ipoh,MY,673318,4.5841,101.0829
165,Johor Bahru,MY,802489,1.4655,103.7578
166,Kuala Lumpur,MY,1453975,3.1412,101.68653
167,Stockholm,SE,1515017,59.32938,18.06871
168,GÃ¶teborg,SE,572799,57.70716,11.96679
169,MalmÃ¶,SE,301706,55.60587,13.00073
170,Uppsala,SE,149245,59.85882,17.63889
171,Oklahoma City,US,631346,35.46756,-97.51643
172,Raleigh,US,451066,35.7721,-78.63861
173,Memphis,US,655770,35.14953,-90.04898
174,Jackson,US,170674,32.29876,-90.18481
175,Boston,US,667137,42.35843,-71.05977
176,Richmond,US,220289,37.55376,-77.46026
177,Portland,US,632309,45.52345,-122.67621
178,Boise,US,145987,43.6135,-116.20345
179,Austin,US,931830,30.26715,-97.74306
180,Honolulu,US,371657,21.30694,-157.85833
181,Fresno,US,520052,36.74773,-119.77237
182,Milwaukee,US,600155,43.0389,-87.90647
183,Columbia,US,133803,34.00071,-81.03481
184,Hartford,US,124006,41.76371,-72.68509
185,"Washington, D.C.",US,601723,38.89511,-77.03637
186,Chicago,US,2720546,41.85003,-87.65005
187,Houston,US,2296224,29.76328,-95.36327
188,Indianapolis,US,829718,39.76838,-86.15804
189,Atlanta,US,463878,33.749,-84.38798
190,Charlotte,US,827097,35.22709,-80.84313
191,Sacramento,US,490712,38.58157,-121.4944
192,Oakland,US,419267,37.80437,-122.2708
193,Providence,US,179207,41.82399,-71.41283
194,Staten Island,US,468730,40.56233,-74.13986
195,Brooklyn,US,2300664,40.6501,-73.94958
196,Springfield,US,116565,39.80172,-89.64371
197,The Bronx,US,1385108,40.84985,-73.86641
198,San Jose,US,1026908,37.33939,-121.89496
199,Los Angeles,US,3971883,34.05223,-118.24368
200,Detroit,US,677116,42.33143,-83.04575
201,Little Rock,US,197992,34.74648,-92.28959
202,Baltimore,US,621849,39.29038,-76.61219
203,Phoenix,US,1563025,33.44838,-112.07404
204,Omaha,US,443885,41.25626,-95.94043
205,El Paso,US,681124,31.75872,-106.48693
206,Dallas,US,1300092,32.78306,-96.80667
207,Seattle,US,684451,47.60621,-122.33207
208,Manhattan,US,1487536,40.78343,-73.96625
209,Miami,US,441003,25.77427,-80.19366
210,Jacksonville,US,868031,30.33218,-81.65565
211,Las Vegas,US,623747,36.17497,-115.13722
212,San Antonio,US,1469845,29.42412,-98.49363
213,Philadelphia,US,1567442,39.95233,-75.16379
214,San Diego,US,1394928,32.71571,-117.16472
215,Columbus,US,850106,39.96118,-82.99879
216,Saint Paul,US,285068,44.94441,-93.09327
217,Denver,US,682545,39.73915,-104.9847
218,Salt Lake City,US,192672,40.76078,-111.89105
219,Albuquerque,US,559121,35.08449,-106.65114
220,San Francisco,US,864816,37.77493,-122.41942
221,Salem,US,164549,44.9429,-123.0351
222,Madison,US,248951,43.07305,-89.40123
223,Nashville,US,530852,36.16589,-86.78444
224,Tucson,US,531641,32.22174,-110.92648
225,Queens,US,2272771,40.68149,-73.83652
226,Tallahassee,US,189907,30.43826,-84.28073
227,Fort Worth,US,833319,32.72541,-97.32085
228,Rancagua,CL,212695,-34.17083,-70.74444
229,Osorno,CL,135773,-40.57395,-73.13348
230,Los Ã�ngeles,CL,125430,-37.46973,-72.35366
231,ChillÃ¡n,CL,150396,-36.60664,-72.10344
232,Calama,CL,143084,-22.45667,-68.92371
233,Puerto Montt,CL,160054,-41.4693,-72.94237
234,ValparaÃ­so,CL,282448,-33.036,-71.62963
235,QuilpuÃ©,CL,130263,-33.04752,-71.44249
236,Santiago,CL,4837295,-33.45694,-70.64827
237,Talca,CL,197479,-35.4264,-71.65542
238,ConcepciÃ³n,CL,215413,-36.82699,-73.04977
239,Temuco,CL,238129,-38.73965,-72.59842
240,Willemstad,CW,125000,12.1084,-68.93354
241,Tallinn,EE,394024,59.43696,24.75353
242,LiÃ¨ge,BE,182597,50.63373,5.56749
243,Brussels,BE,1019022,50.85045,4.34878
244,Charleroi,BE,200132,50.41136,4.44448
245,Gent,BE,231493,51.05,3.71667
246,Namur,BE,106284,50.4669,4.86746
247,Antwerpen,BE,459805,51.22047,4.40026
248,Auckland,NZ,417910,-36.84853,174.76349
249,Christchurch,NZ,363926,-43.53333,172.63333
250,Wellington,NZ,381900,-41.28664,174.77557
251,Dunedin,NZ,114347,-45.87416,170.50361
252,Hamilton,NZ,152641,-37.78333,175.28333
253,Hamilton,CA,519949,43.25011,-79.84963
254,Calgary,CA,1019942,51.05011,-114.08529
255,Winnipeg,CA,632063,49.8844,-97.14704
256,Halifax,CA,359111,44.6464,-63.57291
257,Kitchener,CA,233700,43.42537,-80.5112
258,Edmonton,CA,712391,53.55014,-113.46871
259,Surrey,CA,394976,49.10635,-122.82509
260,Mississauga,CA,668549,43.5789,-79.6583
261,QuÃ©bec,CA,528595,46.81228,-71.21454
262,Vancouver,CA,600000,49.24966,-123.11934
263,Victoria,CA,289625,48.4359,-123.35155
264,MontrÃ©al,CA,1600000,45.50884,-73.58781
265,Toronto,CA,2600000,43.70011,-79.4163
266,Ottawa,CA,812129,45.41117,-75.69812
267,London,CA,346765,42.98339,-81.23304
268,Las Palmas de Gran Canaria,ES,381847,28.09973,-15.41343
269,Salamanca,ES,155619,40.96882,-5.66388
270,Barcelona,ES,1621537,41.38879,2.15899
271,Donostia / San SebastiÃ¡n,ES,185357,43.31283,-1.97499
272,Gasteiz / Vitoria,ES,235661,42.84998,-2.67268
273,CÃ³rdoba,ES,328428,37.89155,-4.77275
274,Valladolid,ES,317864,41.65518,-4.72372
275,Santander,ES,182700,43.46472,-3.80444
276,Palma,ES,401270,39.56939,2.65024
277,MÃ¡laga,ES,568305,36.72016,-4.42034
278,Zaragoza,ES,674317,41.65606,-0.8773400000000001
279,Sevilla,ES,703206,37.38283,-5.97317
280,Bilbao,ES,354860,43.26271,-2.92528
281,Pamplona,ES,198491,42.81687,-1.64323
282,CastellÃ³ de la Plana,ES,180005,39.98567,-0.049350000000000005
283,Huelva,ES,148806,37.26638,-6.94004
284,Granada,ES,234325,37.18817,-3.6066700000000003
285,Madrid,ES,3255944,40.4165,-3.70256
286,Valencia,ES,814208,39.46975,-0.37739
287,Burgos,ES,178966,42.34106,-3.70184
288,Murcia,ES,436870,37.98704,-1.13004
289,Santa Cruz de Tenerife,ES,222417,28.46824,-16.25462
290,Oviedo,ES,224005,43.36029,-5.84476
291,Amman,JO,1275857,31.95522,35.94503
292,Irbid,JO,307480,32.55556,35.85
293,Zarqa,JO,792665,32.07275,36.08796
294,Vientiane,LA,196731,17.96667,102.6
295,Trondheim,NO,147139,63.43049,10.39506
296,Oslo,NO,580000,59.91273,10.74609
297,Stavanger,NO,121610,58.97005,5.73332
298,Bergen,NO,213585,60.39299,5.32415
299,Sydney,AU,4627345,-33.86785,151.20732
300,Newcastle,AU,308308,-32.92953,151.7801
301,Launceston,AU,106153,-41.43876,147.13467
302,Hobart,AU,216656,-42.87936,147.32941
303,Darwin,AU,129062,-12.46113,130.84185
304,Melbourne,AU,4246375,-37.814,144.96332
305,Canberra,AU,367752,-35.28346,149.12807
306,Adelaide,AU,1225235,-34.92866,138.59863
307,Brisbane,AU,2189878,-27.46794,153.02809
308,Perth,AU,1896548,-31.95224,115.8614
309,Wollongong,AU,292190,-34.424,150.89345
310,Sarajevo,BA,696731,43.84864,18.35644
311,Zenica,BA,164423,44.20169,17.90397
312,Tuzla,BA,142486,44.53842,18.66709
313,SÃ£o JosÃ© dos Campos,BR,613764,-23.17944,-45.88694
314,VitÃ³ria,BR,312656,-20.31944,-40.33778
315,SÃ£o Paulo,BR,10021295,-23.5475,-46.63611
316,Colombo,LK,648034,6.93548,79.84868
317,Lisbon,PT,517802,38.71667,-9.13333
318,Funchal,PT,100847,32.66568,-16.92547
319,Novi Sad,RS,215400,45.25167,19.83694
320,NiÅ¡,RS,250000,43.32472,21.90333
321,Belgrade,RS,1273651,44.80401,20.46513
322,Nicosia,CY,200452,35.17531,33.3642
323,Limassol,CY,154000,34.68406,33.03794
324,Tours,FR,141621,47.39484,0.70398
325,Marseille,FR,794811,43.29695,5.38107
326,NÃ®mes,FR,148236,43.83378,4.35962
327,BesanÃ§on,FR,128426,47.248780000000004,6.01815
328,Nantes,FR,277269,47.21725,-1.55336
329,Rennes,FR,209375,48.11198,-1.67429
330,Toulouse,FR,433055,43.60426,1.44367
331,Nancy,FR,105334,48.68439,6.18496
332,Clermont-Ferrand,FR,138681,45.77969,3.08682
333,Paris,FR,2138551,48.85341,2.3487999999999998
334,Lille,FR,228328,50.63297,3.05858
335,OrlÃ©ans,FR,124149,47.90289,1.90389
336,Montpellier,FR,248252,43.61092,3.87723
337,Lyon,FR,472317,45.74846,4.84671
338,Amiens,FR,143086,49.9,2.3
339,Dijon,FR,149782,47.31667,5.01667
340,Rouen,FR,112787,49.44313,1.09932
341,Grenoble,FR,158552,45.17869,5.71479
342,Toulon,FR,168701,43.12442,5.92836
343,Limoges,FR,141176,45.83362,1.24759
344,Caen,FR,110624,49.18585,-0.35912000000000005
345,Perpignan,FR,110706,42.69764,2.89541
346,Bordeaux,FR,231844,44.84044,-0.5805
347,Nice,FR,338620,43.70313,7.26608
348,Saint-Ã‰tienne,FR,176280,45.43389,4.39
349,Metz,FR,123914,49.11911,6.17269
350,Strasbourg,FR,274845,48.58392,7.7455300000000005
351,Thrissur,IN,325110,10.51667,76.21667
352,New Delhi,IN,317797,28.63576,77.22445
353,Hyderabad,IN,3597816,17.38405,78.45636
354,Delhi,IN,10927986,28.65195,77.23149
355,Chandigarh,IN,960787,30.73629,76.7884
356,Bhopal,IN,1599914,23.25469,77.40289
357,Nagpur,IN,2228018,21.14631,79.08491
358,Lucknow,IN,2472011,26.83928,80.92313
359,GhÄ�ziÄ�bÄ�d,IN,1199191,28.66535,77.43915
360,HÄ�pur,IN,242920,28.72985,77.78068
361,Gandhinagar,IN,195985,23.21667,72.68333
362,Chennai,IN,4328063,13.08784,80.27847
363,Nashik,IN,1289497,19.99727,73.79096
364,Mysore,IN,868313,12.29791,76.63925
365,Visakhapatnam,IN,1063178,17.68009,83.20161
366,Mumbai,IN,12691836,19.07283,72.88261
367,Jaipur,IN,2711758,26.919620000000002,75.78781
368,Patna,IN,1599920,25.59408,85.13563
369,Muzaffarnagar,IN,349706,29.47091,77.70332
370,Thiruvananthapuram,IN,784153,8.4855,76.94924
371,Bengaluru,IN,5104047,12.97194,77.59369
372,Shillong,IN,132842,25.56892,91.88313
373,Kolkata,IN,4631392,22.56263,88.36304
374,Odessa,UA,1001558,46.47747,30.73262
375,Ternopil,UA,235676,49.55342,25.58918
376,Kyiv,UA,2797553,50.45466,30.5238
377,Kamianske,UA,248575,48.51134,34.6021
378,Dnipro,UA,1032822,48.4593,35.03865
379,Zaporizhia,UA,796217,47.82289,35.19031
380,Lviv,UA,717803,49.83826,24.02324
381,Kryvyi Rih,UA,652380,47.90966,33.38044
382,Ivano-Frankivsk,UA,204200,48.9215,24.70972
383,Prague,CZ,1165581,50.08804,14.42076
384,Ostrava,CZ,313088,49.83465,18.28204
385,Brno,CZ,369559,49.19522,16.60796
386,Pilsen,CZ,164180,49.74747,13.37759
387,Olomouc,CZ,101268,49.59552,17.25175
388,Bamako,ML,1297281,12.65,-8.0
389,EskiÅŸehir,TR,514869,39.77667,30.52056
390,Ä°zmit,TR,196571,40.76499,29.92928
391,Bursa,TR,1412701,40.19559,29.06013
392,Ankara,TR,3517182,39.91987,32.85427
393,Adana,TR,1248988,36.98615,35.32531
394,Kayseri,TR,592840,38.73222,35.48528
395,KÃ¼tahya,TR,185008,39.42417,29.98333
396,BalÄ±kesir,TR,238151,39.64917,27.88611
397,AdapazarÄ±,TR,286787,40.78056,30.40333
398,Trabzon,TR,244083,41.005,39.72694
399,Antakya,TR,210000,36.20655,36.15722
400,Samsun,TR,394050,41.27976,36.3361
401,Ä°zmir,TR,2500603,38.41273,27.13838
402,Konya,TR,875530,37.87135,32.48464
403,Sivas,TR,264022,39.74833,37.01611
404,Istanbul,TR,14804116,41.01384,28.94966
405,Denizli,TR,313238,37.77417,29.0875
406,Erzurum,TR,420691,39.90861,41.27694
407,Cochabamba,BO,900414,-17.3895,-66.1568
408,ThessalonÃ­ki,GR,354290,40.64361,22.93086
409,Athens,GR,664046,37.98376,23.72784
410,Yangon,MM,4477638,16.80528,96.15611
411,Kathmandu,NP,1442271,27.70169,85.3206
412,Pokhara,NP,200000,28.26689,83.96851
413,Biratnagar,NP,182324,26.45505,87.27007
414,Kampala,UG,1353189,0.31628,32.58219
415,Ho Chi Minh City,VN,3467331,10.82302,106.62965
416,Huáº¿,VN,287217,16.4619,107.59546
417,Hanoi,VN,1431270,21.0245,105.84117
418,Haiphong,VN,602695,20.86481,106.68345
419,Háº¡ Long,VN,148066,20.95045,107.07336
420,Pristina,XK,550000,42.67272,21.16688
421,Addis Ababa,ET,2757729,9.02497,38.74689
422,Nur-Sultan,KZ,345604,51.1801,71.44598
423,Almaty,KZ,2000900,43.25667,76.92861
424,Kaunas,LT,374643,54.90272,23.90961
425,Baguio,PH,272714,16.41639,120.59306
426,Manila,PH,1600000,14.6042,120.9822
427,Butuan,PH,309709,8.94917,125.54361
428,Zamboanga,PH,457623,6.91028,122.07389
429,Karachi,PK,11624219,24.8608,67.0104
430,Peshawar,PK,1218773,34.008,71.57849
431,Islamabad,PK,601600,33.72148,73.04329
432,Lahore,PK,6310888,31.558,74.35071
433,San Juan,PR,418140,18.46633,-66.10572
434,Tashkent,UZ,1978028,41.26465,69.21627
435,ZÃ¼rich,CH,341730,47.36667,8.55
436,Stuttgart,DE,589793,48.78232,9.17702
437,MÃ¼nster,DE,270184,51.96236,7.62571
438,KÃ¶ln,DE,963395,50.93333,6.95
439,Kassel,DE,194501,51.31667,9.5
440,Karlsruhe,DE,283799,49.00937,8.40444
441,Mainz,DE,184997,49.98419,8.2791
442,Dresden,DE,486854,51.05089,13.73832
443,Munich,DE,1260391,48.13743,11.57549
444,Berlin,DE,3426354,52.52437,13.41053
445,DÃ¼sseldorf,DE,573057,51.22172,6.77616
446,Freiburg,DE,215966,47.9959,7.85222
447,Wiesbaden,DE,272432,50.08258,8.24932
448,Hannover,DE,515140,52.37052,9.73322
449,Augsburg,DE,259196,48.37154,10.89851
450,Darmstadt,DE,140385,49.87167,8.65027
451,Potsdam,DE,145292,52.39886,13.06566
452,Hamburg,DE,1739117,53.55073,9.99302
453,Conakry,GN,1767200,9.53795,-13.67729
454,Tel Aviv,IL,432892,32.08088,34.78057
455,Haifa,IL,267300,32.81841,34.9885
456,Jerusalem,IL,801000,31.76904,35.21633
457,Ashdod,IL,224656,31.79213,34.64966
458,Netanya,IL,171676,32.33291,34.85992
459,Ashkelon,IL,105995,31.66926,34.57149
460,Petaáº– Tiqwa,IL,200000,32.08707,34.88747
461,Baghdad,IQ,7216000,33.34058,44.40088
462,Fukuoka,JP,1392289,33.6,130.41667
463,Kanazawa,JP,458937,36.6,136.61667
464,Kumamoto,JP,680423,32.80589,130.69181
465,Akita,JP,320069,39.71667,140.11667
466,Kochi,JP,335570,33.55,133.53333
467,Gifu-shi,JP,397714,35.42291,136.76039
468,Kyoto,JP,1459640,35.02107,135.75385
469,Hiroshima,JP,1143841,34.4,132.45
470,Shizuoka,JP,701561,34.98333,138.38333
471,Chiba,JP,919729,35.6,140.11667
472,Sapporo,JP,1883027,43.06667,141.35
473,Yokohama,JP,3574443,35.43333,139.65
474,Tokyo,JP,8336599,35.6895,139.69171
475,Saitama,JP,1193350,35.90807,139.65657
476,Naha,JP,300795,26.21667,127.68333
477,Nagasaki,JP,410204,32.75,129.88333
478,Toyama,JP,325532,36.7,137.21667
479,Niigata,JP,505272,37.88637,139.00589
480,Nara-shi,JP,367353,34.68505,135.80485
481,Okayama,JP,639652,34.65,133.93333
482,Sendai,JP,1063103,38.26667,140.86667
483,Osaka,JP,2592413,34.69374,135.50218
484,Miyazaki,JP,311203,31.91667,131.41667
485,Matsuyama,JP,443322,33.83916,132.76574
486,Wakayama,JP,351000,34.23333,135.16667
487,Takamatsu,JP,334223,34.33333,134.05
488,Nagoya,JP,2191279,35.18147,136.90641
489,ÅŒita,JP,448907,33.23333,131.6
490,Kobe,JP,1528478,34.6913,135.183
491,Nagano,JP,360176,36.65,138.18333
492,Utsunomiya,JP,449865,36.56667,139.88333
493,Kagoshima,JP,555352,31.56667,130.55
494,Lima,PE,7737002,-12.04318,-77.02824
495,Å�Ã³dÅº,PL,768755,51.77058,19.47395
496,TarnÃ³w,PL,117799,50.01381,20.98698
497,GdaÅ„sk,PL,461865,54.35227,18.64912
498,Katowice,PL,317316,50.25841,19.02754
499,PoznaÅ„,PL,570352,52.40692,16.92993
500,Rybnik,PL,142510,50.09713,18.54179
501,Szczecin,PL,407811,53.42894,14.55302
502,Kielce,PL,208598,50.87033,20.62752
503,Warsaw,PL,1702139,52.22977,21.01178
504,Bydgoszcz,PL,366452,53.1235,18.00762
505,Zabrze,PL,192177,50.32492,18.78576
506,WrocÅ‚aw,PL,634893,51.1,17.03333
507,PÅ‚ock,PL,127474,52.54682,19.70638
508,KrakÃ³w,PL,755050,50.06143,19.93658
509,Salzburg,AT,153377,47.79941,13.04399
510,Linz,AT,204846,48.30639,14.28611
511,Innsbruck,AT,132493,47.26266,11.39454
512,Vienna,AT,1691468,48.20849,16.37208
513,Graz,AT,222326,47.06667,15.45
514,Hong Kong,HK,7012738,22.27832,114.17469
515,Jakarta,ID,8540121,-6.21462,106.84513
516,Ashgabat,TM,727700,37.95,58.38333
517,Singapore,SG,3547809,1.28967,103.85007
518,Chon Buri,TH,219164,13.3622,100.98345
519,Chiang Mai,TH,200952,18.79038,98.98468
520,Nakhon Pathom,TH,117927,13.8196,100.04427
521,Rayong,TH,106737,12.68095,101.25798
522,Lampang,TH,156139,18.29232,99.49277
523,Bangkok,TH,5104476,13.75398,100.50144
524,Samut Prakan,TH,388920,13.59934,100.59675
525,Dushanbe,TJ,679400,38.53575,68.77905
526,Saint-Denis,RE,137195,-20.88231,55.4504
527,Kabul,AF,3043532,34.52813,69.17233
528,Abidjan,CI,3677115,5.35444,-4.00167
529,Jeonju,KR,711424,35.82194,127.14889
530,Seoul,KR,10349312,37.566,126.9784
531,Busan,KR,3678555,35.10168,129.03004
532,Sejong,KR,230327,36.59245,127.29223
533,Ulsan,KR,962865,35.53722,129.31667
534,Yeosu,KR,295538,34.76062,127.66215
535,Gwangju,KR,1416938,35.15472,126.91556
536,Seongnam-si,KR,1031935,37.43861,127.13778
537,Daejeon,KR,1475221,36.34913,127.38493
538,Pohang,KR,500000,36.02917,129.36481
539,Changwon,KR,550000,35.22806,128.68111
540,Suwon,KR,1242724,37.29111,127.00889
541,Cheongju-si,KR,634596,36.63722,127.48972
542,Chuncheon,KR,209746,37.87472,127.73417
543,Daegu,KR,2566540,35.87028,128.59111
544,Jeju City,KR,408364,33.50972,126.52194
545,Incheon,KR,2628000,37.45646,126.70515
546,Suncheon,KR,230796,34.9505,127.48784
547,Mokpo,KR,268402,34.81282,126.39181
548,Andong,KR,129319,36.56636,128.72275
549,Quito,EC,1399814,-0.22985000000000003,-78.52495
550,Dublin,IE,1024027,53.33306,-6.24889
551,Utrecht,NL,290529,52.09083,5.12222
552,Nijmegen,NL,158732,51.8425,5.85278
553,Haarlem,NL,147590,52.38084,4.63683
554,Eindhoven,NL,209620,51.44083,5.47778
555,Rotterdam,NL,598199,51.9225,4.47917
556,Amsterdam,NL,741636,52.37403,4.88969
557,Dordrecht,NL,119260,51.81,4.67361
558,Breda,NL,167673,51.58656,4.77596
559,Groningen,NL,181194,53.21917,6.56667
560,Maastricht,NL,122378,50.84833,5.68889
561,The Hague,NL,474292,52.07667,4.29861
562,Abu Dhabi,AE,603492,24.45118,54.39696
563,Dubai,AE,2956587,25.07725,55.30927
564,Beijing,CN,11716620,39.9075,116.39723
565,Jieyang,CN,1001985,23.5418,116.36581
566,Kunming,CN,3855346,25.03889,102.71833
567,Hangzhou,CN,6241971,30.29365,120.16142
568,Chongqing,CN,7457600,29.56278,106.55278
569,Qingdao,CN,3718835,36.06488,120.38042
570,Haikou,CN,615835,20.04583,110.34167
571,ÃœrÃ¼mqi,CN,3029372,43.80096,87.60046
572,Qiqihar,CN,882364,47.34088,123.96045
573,Guiyang,CN,1171633,26.58333,106.71667
574,Shenzhen,CN,10358381,22.54554,114.0683
575,Yunfu,CN,2612800,22.92833,112.03954
576,Xuchang,CN,1265536,34.03189,113.86299
577,Yinchuan,CN,475101,38.46806,106.27306
578,Shenyang,CN,6255921,41.79222,123.43278
579,Lhasa,CN,118721,29.65,91.1
580,Shanghai,CN,22315474,31.22222,121.45806
581,Changchun,CN,4193073,43.88,125.32278
582,Foshan,CN,3600000,23.02677,113.13148
583,Nanning,CN,803788,22.81667,108.31667
584,Fushun,CN,1400646,41.88669,123.94363
585,Hefei,CN,3310268,31.86389,117.28083
586,Chengdu,CN,7415590,30.66667,104.06667
587,Hohhot,CN,774477,40.81056,111.65222
588,Qinhuangdao,CN,759718,39.93167,119.58833
589,Shijiazhuang,CN,2834942,38.04139,114.47861
590,Shantou,CN,5329024,23.36814,116.71479
591,Zhengzhou,CN,4253913,34.75778,113.64861
592,Nanjing,CN,7165292,32.06167,118.77778
593,Xining,CN,767531,36.62554,101.75739
594,Xiâ€™an,CN,6501190,34.25833,108.92861
595,Zhuzhou,CN,709358,27.83333,113.15
596,Wuhan,CN,9785388,30.58333,114.26667
597,Tianjin,CN,11090314,39.14222,117.17667
598,Changzhou,CN,949018,31.77359,119.95401
599,Nanchang,CN,2357839,28.68396,115.85306
600,Shiyan,CN,3460000,32.6475,110.77806
601,Xinxiang,CN,743601,35.19033,113.80151
602,Suzhou,CN,5345961,31.30408,120.59538
603,Harbin,CN,5878939,45.75,126.65
604,Lanzhou,CN,2628426,36.05701,103.83987
605,Jinan,CN,4335989,36.66833,116.99722
606,Changsha,CN,3093980,28.19874,112.97087
607,Hegang,CN,743307,47.35118,130.30012
608,Anyang,CN,781129,36.096,114.38278
609,Wuxi,CN,3543719,31.56887,120.28857
610,Taiyuan,CN,3426519,37.86944,112.56028
611,Guangzhou,CN,11071424,23.11667,113.25
612,Fuzhou,CN,1179720,26.06139,119.30611
613,Ningbo,CN,3491597,29.87819,121.54945
614,Xiamen,CN,3531347,24.47979,118.08187
615,Dongguan,CN,8000000,23.01797,113.74866
616,BogotÃ¡,CO,7674366,4.60971,-74.08175
617,MedellÃ­n,CO,1999979,6.25184,-75.56359
