,Date,Country,City,Specie,count,min,max,median,variance
146120,2020-01-17,HK,Hong Kong,pm25,353,14.0,111.0,65.0,3385.64
146121,2020-03-04,HK,Hong Kong,pm25,337,2.0,110.0,51.0,2500.59
146122,2020-01-03,HK,Hong Kong,pm25,326,6.0,134.0,85.0,3626.9
146123,2020-04-04,HK,Hong Kong,pm25,308,1.0,91.0,49.0,3816.03
146124,2020-02-11,HK,Hong Kong,pm25,358,40.0,113.0,78.0,1078.71
146125,2020-03-09,HK,Hong Kong,pm25,348,14.0,119.0,59.0,2749.82
146126,2020-03-10,HK,Hong Kong,pm25,355,1.0,135.0,50.0,2789.43
146127,2020-04-13,HK,Hong Kong,pm25,358,8.0,84.0,58.0,783.78
146128,2020-04-17,HK,Hong Kong,pm25,338,33.0,106.0,60.0,831.83
146129,2020-04-30,HK,Hong Kong,pm25,360,34.0,98.0,66.0,914.29
146130,2020-01-20,HK,Hong Kong,pm25,332,11.0,128.0,70.0,2683.88
146131,2020-04-07,HK,Hong Kong,pm25,321,3.0,124.0,38.0,3966.92
146132,2020-01-14,HK,Hong Kong,pm25,330,23.0,122.0,74.0,2009.74
146133,2020-03-29,HK,Hong Kong,pm25,335,2.0,81.0,44.0,2629.49
146134,2020-02-25,HK,Hong Kong,pm25,359,13.0,98.0,63.0,1390.13
146135,2020-01-09,HK,Hong Kong,pm25,354,19.0,117.0,69.0,2009.84
146136,2020-02-23,HK,Hong Kong,pm25,359,13.0,159.0,66.0,2530.81
146137,2020-03-28,HK,Hong Kong,pm25,354,4.0,112.0,58.0,2976.86
146138,2020-01-05,HK,Hong Kong,pm25,321,25.0,108.0,63.0,1641.39
146139,2020-03-22,HK,Hong Kong,pm25,337,20.0,124.0,66.0,3597.35
146140,2020-04-02,HK,Hong Kong,pm25,356,20.0,73.0,51.0,861.61
146141,2020-02-29,HK,Hong Kong,pm25,355,18.0,98.0,54.0,1268.86
146142,2020-05-06,HK,Hong Kong,pm25,346,3.0,160.0,35.0,2646.29
146143,2020-01-19,HK,Hong Kong,pm25,355,13.0,140.0,73.0,6422.32
146144,2020-02-15,HK,Hong Kong,pm25,357,21.0,108.0,61.0,1690.1
146145,2019-12-31,HK,Hong Kong,pm25,318,3.0,150.0,66.0,12450.8
146146,2020-03-21,HK,Hong Kong,pm25,357,16.0,141.0,78.0,5274.1
146147,2020-05-08,HK,Hong Kong,pm25,226,2.0,89.0,24.0,1601.22
146148,2020-01-23,HK,Hong Kong,pm25,339,32.0,120.0,73.0,2524.36
146149,2020-03-20,HK,Hong Kong,pm25,356,15.0,156.0,67.0,6269.07
146150,2020-03-17,HK,Hong Kong,pm25,355,41.0,101.0,70.0,924.49
146151,2020-02-28,HK,Hong Kong,pm25,343,4.0,86.0,58.0,1642.85
146152,2020-02-12,HK,Hong Kong,pm25,352,43.0,164.0,86.0,4559.39
146153,2020-03-02,HK,Hong Kong,pm25,345,13.0,104.0,58.0,1058.37
146154,2020-04-15,HK,Hong Kong,pm25,342,55.0,145.0,78.0,1844.08
146155,2020-04-24,HK,Hong Kong,pm25,351,1.0,124.0,44.0,6725.04
146156,2020-01-16,HK,Hong Kong,pm25,349,52.0,143.0,93.0,2709.71
146157,2020-04-20,HK,Hong Kong,pm25,332,2.0,120.0,50.0,1495.54
146158,2020-05-07,HK,Hong Kong,pm25,346,3.0,107.0,32.0,1590.12
146159,2020-04-06,HK,Hong Kong,pm25,336,1.0,82.0,57.0,3004.12
146160,2020-02-24,HK,Hong Kong,pm25,355,17.0,109.0,70.0,984.94
146161,2020-03-16,HK,Hong Kong,pm25,350,20.0,104.0,73.0,1094.85
146162,2020-03-24,HK,Hong Kong,pm25,354,9.0,99.0,68.0,1684.05
146163,2020-04-08,HK,Hong Kong,pm25,354,20.0,93.0,56.0,1088.85
146164,2020-05-02,HK,Hong Kong,pm25,358,23.0,99.0,60.0,1828.51
146165,2020-02-04,HK,Hong Kong,pm25,339,14.0,97.0,61.0,1727.94
146166,2020-02-20,HK,Hong Kong,pm25,355,21.0,90.0,57.0,1230.45
146167,2020-03-27,HK,Hong Kong,pm25,355,10.0,100.0,60.0,1356.9
146168,2020-04-25,HK,Hong Kong,pm25,356,23.0,158.0,65.0,4291.35
146169,2020-04-28,HK,Hong Kong,pm25,353,32.0,96.0,63.0,1153.85
146170,2020-01-02,HK,Hong Kong,pm25,330,15.0,147.0,66.0,3196.29
146171,2020-02-07,HK,Hong Kong,pm25,358,20.0,110.0,72.0,2151.57
146172,2020-02-26,HK,Hong Kong,pm25,340,14.0,149.0,56.0,3546.89
146173,2020-03-19,HK,Hong Kong,pm25,350,2.0,106.0,61.0,3737.32
146174,2020-04-21,HK,Hong Kong,pm25,356,13.0,153.0,48.0,2557.95
146175,2020-02-05,HK,Hong Kong,pm25,335,5.0,75.0,52.0,1326.09
146176,2020-02-22,HK,Hong Kong,pm25,357,24.0,154.0,69.0,3818.95
146177,2020-03-15,HK,Hong Kong,pm25,360,56.0,117.0,85.0,1206.0
146178,2020-04-11,HK,Hong Kong,pm25,359,41.0,133.0,71.0,1516.64
146179,2020-02-09,HK,Hong Kong,pm25,337,5.0,79.0,50.0,1590.27
146180,2020-02-27,HK,Hong Kong,pm25,338,4.0,87.0,54.0,1791.34
146181,2020-04-09,HK,Hong Kong,pm25,352,18.0,83.0,58.0,1206.99
146182,2020-04-16,HK,Hong Kong,pm25,323,46.0,153.0,71.0,2149.85
146183,2020-01-21,HK,Hong Kong,pm25,345,50.0,117.0,77.0,1335.2
146184,2020-02-08,HK,Hong Kong,pm25,316,1.0,68.0,33.0,1658.31
146185,2020-02-17,HK,Hong Kong,pm25,346,1.0,79.0,43.0,1600.78
146186,2020-04-05,HK,Hong Kong,pm25,335,14.0,82.0,52.0,1231.45
146187,2020-04-19,HK,Hong Kong,pm25,352,19.0,115.0,60.0,1064.52
146188,2019-12-30,HK,Hong Kong,pm25,289,2.0,147.0,40.0,5996.93
146189,2020-03-06,HK,Hong Kong,pm25,349,20.0,96.0,63.0,1013.32
146190,2020-03-08,HK,Hong Kong,pm25,350,1.0,121.0,60.0,3861.51
146191,2020-04-18,HK,Hong Kong,pm25,360,31.0,161.0,64.0,2560.32
146192,2020-02-10,HK,Hong Kong,pm25,344,12.0,106.0,65.0,1232.07
146193,2020-03-05,HK,Hong Kong,pm25,309,2.0,79.0,33.0,2444.03
146194,2020-03-11,HK,Hong Kong,pm25,353,8.0,84.0,61.0,1050.2
146195,2020-03-18,HK,Hong Kong,pm25,343,5.0,105.0,76.0,1671.25
146196,2020-05-01,HK,Hong Kong,pm25,360,23.0,103.0,59.0,1401.58
146197,2020-02-18,HK,Hong Kong,pm25,349,8.0,93.0,45.0,1186.46
146198,2020-01-11,HK,Hong Kong,pm25,355,28.0,160.0,83.0,5816.32
146199,2020-01-31,HK,Hong Kong,pm25,346,34.0,163.0,75.0,1986.03
146200,2020-02-21,HK,Hong Kong,pm25,359,14.0,89.0,47.0,1612.63
146201,2020-03-31,HK,Hong Kong,pm25,336,3.0,92.0,50.0,3068.29
146202,2020-04-03,HK,Hong Kong,pm25,352,7.0,99.0,65.0,2623.08
146203,2020-01-07,HK,Hong Kong,pm25,343,30.0,122.0,65.0,1688.05
146204,2020-01-22,HK,Hong Kong,pm25,348,31.0,134.0,85.0,2735.55
146205,2020-03-03,HK,Hong Kong,pm25,117,23.0,78.0,58.0,797.35
146206,2020-04-10,HK,Hong Kong,pm25,360,33.0,88.0,61.0,774.87
146207,2020-01-12,HK,Hong Kong,pm25,357,3.0,156.0,58.0,13751.2
146208,2020-02-19,HK,Hong Kong,pm25,354,24.0,78.0,55.0,764.64
146209,2020-03-23,HK,Hong Kong,pm25,354,13.0,105.0,59.0,1988.47
146210,2020-02-06,HK,Hong Kong,pm25,359,11.0,90.0,59.0,1368.3
146211,2020-01-18,HK,Hong Kong,pm25,355,12.0,96.0,56.0,1935.25
146212,2020-01-29,HK,Hong Kong,pm25,338,10.0,98.0,60.0,2088.7
146213,2020-02-16,HK,Hong Kong,pm25,288,1.0,87.0,22.0,3441.18
146214,2020-03-01,HK,Hong Kong,pm25,357,15.0,129.0,63.0,2481.28
146215,2020-03-13,HK,Hong Kong,pm25,340,53.0,159.0,96.0,7039.04
146216,2020-01-13,HK,Hong Kong,pm25,348,5.0,144.0,65.0,2195.72
146217,2020-01-28,HK,Hong Kong,pm25,299,2.0,92.0,37.0,2639.42
146218,2020-03-07,HK,Hong Kong,pm25,358,31.0,129.0,72.0,2680.43
146219,2020-04-14,HK,Hong Kong,pm25,338,20.0,98.0,67.0,1230.23
146220,2020-01-26,HK,Hong Kong,pm25,281,1.0,111.0,35.0,5643.55
146221,2020-02-02,HK,Hong Kong,pm25,360,44.0,112.0,78.0,893.59
146222,2020-02-03,HK,Hong Kong,pm25,353,15.0,107.0,65.0,1172.92
146223,2020-03-12,HK,Hong Kong,pm25,352,35.0,156.0,76.0,4824.25
146224,2020-03-30,HK,Hong Kong,pm25,328,4.0,80.0,52.0,1893.73
146225,2020-04-12,HK,Hong Kong,pm25,332,4.0,137.0,48.0,2308.77
146226,2020-04-22,HK,Hong Kong,pm25,322,1.0,92.0,40.0,3206.24
146227,2020-05-05,HK,Hong Kong,pm25,351,9.0,88.0,32.0,1300.64
146228,2020-01-04,HK,Hong Kong,pm25,330,34.0,153.0,87.0,5324.23
146229,2020-01-30,HK,Hong Kong,pm25,336,41.0,131.0,65.0,1067.36
146230,2020-03-14,HK,Hong Kong,pm25,333,2.0,150.0,56.0,6981.6
146231,2020-04-23,HK,Hong Kong,pm25,341,2.0,92.0,35.0,3344.41
146232,2020-01-10,HK,Hong Kong,pm25,360,55.0,153.0,82.0,2313.66
146233,2020-02-01,HK,Hong Kong,pm25,355,52.0,116.0,75.0,1234.93
146234,2020-04-01,HK,Hong Kong,pm25,359,11.0,80.0,46.0,2178.43
146235,2020-04-27,HK,Hong Kong,pm25,351,10.0,182.0,97.0,16975.5
146236,2020-05-04,HK,Hong Kong,pm25,348,3.0,140.0,38.0,2571.83
146237,2020-01-27,HK,Hong Kong,pm25,295,1.0,77.0,32.0,2031.24
146238,2020-01-08,HK,Hong Kong,pm25,347,9.0,123.0,64.0,2226.63
146239,2020-01-24,HK,Hong Kong,pm25,348,30.0,122.0,63.0,1982.01
146240,2020-02-13,HK,Hong Kong,pm25,350,4.0,92.0,55.0,3271.72
146241,2020-03-26,HK,Hong Kong,pm25,348,26.0,107.0,63.0,1527.4
146242,2020-01-01,HK,Hong Kong,pm25,326,50.0,126.0,78.0,1602.23
146243,2020-01-15,HK,Hong Kong,pm25,357,40.0,135.0,79.0,1946.61
146244,2020-01-25,HK,Hong Kong,pm25,345,3.0,116.0,56.0,4036.88
146245,2020-02-14,HK,Hong Kong,pm25,342,6.0,100.0,46.0,2698.89
146246,2020-03-25,HK,Hong Kong,pm25,358,5.0,98.0,59.0,1373.05
146247,2020-04-26,HK,Hong Kong,pm25,360,59.0,178.0,139.0,8134.93
146248,2020-04-29,HK,Hong Kong,pm25,355,41.0,116.0,63.0,940.58
146249,2020-05-03,HK,Hong Kong,pm25,357,13.0,75.0,50.0,882.69
146250,2020-01-06,HK,Hong Kong,pm25,326,21.0,111.0,59.0,1378.15
428363,2020-01-25,CN,Beijing,pm25,470,117.0,404.0,196.0,16088.1
428364,2020-04-01,CN,Beijing,pm25,422,5.0,152.0,21.0,8464.84
428365,2020-01-30,CN,Beijing,pm25,476,63.0,182.0,134.0,5470.92
428366,2020-02-22,CN,Beijing,pm25,439,5.0,151.0,30.0,2466.97
428367,2020-03-17,CN,Beijing,pm25,453,17.0,162.0,99.0,6472.95
428368,2020-03-20,CN,Beijing,pm25,454,9.0,175.0,93.0,8557.43
428369,2020-01-28,CN,Beijing,pm25,477,179.0,403.0,248.0,23774.9
428370,2020-03-08,CN,Beijing,pm25,471,91.0,229.0,170.0,1378.32
428371,2020-04-04,CN,Beijing,pm25,452,9.0,158.0,70.0,11225.1
428372,2020-04-11,CN,Beijing,pm25,451,9.0,181.0,68.0,6673.0
428373,2020-04-13,CN,Beijing,pm25,425,9.0,273.0,85.0,7384.48
428374,2020-01-15,CN,Beijing,pm25,453,42.0,346.0,134.0,18039.6
428375,2020-02-09,CN,Beijing,pm25,470,127.0,298.0,191.0,8011.24
428376,2020-02-23,CN,Beijing,pm25,451,34.0,176.0,112.0,11392.3
428377,2020-04-19,CN,Beijing,pm25,470,5.0,170.0,119.0,13576.8
428378,2020-01-07,CN,Beijing,pm25,454,5.0,169.0,53.0,3349.13
428379,2020-02-24,CN,Beijing,pm25,447,72.0,199.0,152.0,4613.06
428380,2020-03-15,CN,Beijing,pm25,450,5.0,112.0,25.0,3654.43
428381,2020-01-10,CN,Beijing,pm25,474,5.0,246.0,87.0,29572.5
428382,2020-02-01,CN,Beijing,pm25,461,5.0,142.0,30.0,4584.63
428383,2020-03-29,CN,Beijing,pm25,443,53.0,170.0,112.0,8088.29
428384,2020-01-22,CN,Beijing,pm25,473,109.0,192.0,155.0,1074.65
428385,2020-02-06,CN,Beijing,pm25,452,34.0,161.0,119.0,12110.9
428386,2020-03-02,CN,Beijing,pm25,476,13.0,180.0,68.0,14740.5
428387,2020-03-04,CN,Beijing,pm25,447,5.0,137.0,38.0,2969.76
428388,2020-03-09,CN,Beijing,pm25,454,34.0,176.0,147.0,16192.2
428389,2020-03-10,CN,Beijing,pm25,440,5.0,170.0,38.0,7871.1
428390,2020-04-16,CN,Beijing,pm25,428,9.0,171.0,70.0,17212.8
428391,2020-01-03,CN,Beijing,pm25,446,63.0,224.0,152.0,9688.58
428392,2020-01-26,CN,Beijing,pm25,480,156.0,371.0,230.0,20331.3
428393,2020-02-04,CN,Beijing,pm25,465,5.0,162.0,30.0,12758.9
428394,2020-03-25,CN,Beijing,pm25,452,129.0,260.0,179.0,9680.39
428395,2020-04-17,CN,Beijing,pm25,449,25.0,156.0,76.0,2000.54
428396,2019-12-31,CN,Beijing,pm25,433,5.0,156.0,72.0,11137.9
428397,2020-01-29,CN,Beijing,pm25,478,46.0,365.0,154.0,51399.6
428398,2020-03-12,CN,Beijing,pm25,434,5.0,173.0,38.0,31054.1
428399,2020-03-18,CN,Beijing,pm25,452,5.0,179.0,112.0,19849.8
428400,2020-04-23,CN,Beijing,pm25,442,5.0,109.0,30.0,2121.08
428401,2020-01-09,CN,Beijing,pm25,475,38.0,824.0,99.0,26544.5
428402,2020-02-17,CN,Beijing,pm25,448,5.0,91.0,25.0,2497.91
428403,2020-03-07,CN,Beijing,pm25,456,30.0,227.0,155.0,27272.4
428404,2020-04-20,CN,Beijing,pm25,429,5.0,87.0,30.0,2308.69
428405,2020-04-22,CN,Beijing,pm25,440,5.0,91.0,30.0,1835.37
428406,2020-01-13,CN,Beijing,pm25,448,9.0,161.0,46.0,1775.44
428407,2020-01-23,CN,Beijing,pm25,480,17.0,239.0,155.0,21878.5
428408,2020-02-05,CN,Beijing,pm25,454,9.0,157.0,78.0,13103.9
428409,2020-02-07,CN,Beijing,pm25,468,127.0,210.0,160.0,1049.8
428410,2020-02-10,CN,Beijing,pm25,451,161.0,323.0,194.0,5670.86
428411,2020-02-15,CN,Beijing,pm25,439,5.0,57.0,25.0,1373.29
428412,2020-04-28,CN,Beijing,pm25,438,85.0,240.0,153.0,2718.04
428413,2020-03-03,CN,Beijing,pm25,143,5.0,160.0,137.0,31642.8
428414,2020-03-13,CN,Beijing,pm25,435,5.0,180.0,25.0,12579.0
428415,2020-04-24,CN,Beijing,pm25,449,5.0,155.0,55.0,12158.4
428416,2020-04-26,CN,Beijing,pm25,449,5.0,179.0,50.0,6379.87
428417,2020-02-11,CN,Beijing,pm25,450,172.0,380.0,247.0,16860.0
428418,2020-04-25,CN,Beijing,pm25,452,5.0,166.0,42.0,5025.74
428419,2020-05-05,CN,Beijing,pm25,456,63.0,195.0,132.0,5954.88
428420,2020-02-13,CN,Beijing,pm25,450,168.0,327.0,261.0,17633.5
428421,2020-04-18,CN,Beijing,pm25,464,65.0,151.0,95.0,2850.05
428422,2020-01-06,CN,Beijing,pm25,469,63.0,180.0,154.0,4179.82
428423,2020-02-20,CN,Beijing,pm25,454,157.0,194.0,179.0,406.78
428424,2020-03-01,CN,Beijing,pm25,470,5.0,157.0,38.0,26867.9
428425,2020-04-06,CN,Beijing,pm25,453,76.0,187.0,157.0,6749.38
428426,2020-04-07,CN,Beijing,pm25,447,34.0,207.0,122.0,19037.2
428427,2020-04-15,CN,Beijing,pm25,427,87.0,410.0,153.0,4042.14
428428,2020-01-05,CN,Beijing,pm25,476,76.0,189.0,154.0,1193.91
428429,2020-02-19,CN,Beijing,pm25,450,57.0,194.0,152.0,14666.6
428430,2020-05-01,CN,Beijing,pm25,456,89.0,240.0,176.0,6077.92
428431,2020-05-02,CN,Beijing,pm25,453,74.0,178.0,147.0,6277.5
428432,2020-05-07,CN,Beijing,pm25,450,42.0,255.0,167.0,12331.1
428433,2020-01-24,CN,Beijing,pm25,466,50.0,224.0,157.0,6507.37
428434,2020-02-27,CN,Beijing,pm25,455,25.0,154.0,78.0,2909.09
428435,2020-04-09,CN,Beijing,pm25,449,63.0,157.0,97.0,1803.71
428436,2020-04-10,CN,Beijing,pm25,453,72.0,161.0,109.0,5380.47
428437,2020-05-08,CN,Beijing,pm25,300,5.0,189.0,119.0,16270.2
428438,2020-01-11,CN,Beijing,pm25,475,5.0,134.0,42.0,2779.3
428439,2020-03-26,CN,Beijing,pm25,426,5.0,165.0,21.0,19215.2
428440,2019-12-30,CN,Beijing,pm25,401,5.0,147.0,34.0,1973.73
428441,2020-02-02,CN,Beijing,pm25,471,5.0,155.0,99.0,20163.9
428442,2020-02-25,CN,Beijing,pm25,461,57.0,195.0,142.0,6946.65
428443,2020-03-22,CN,Beijing,pm25,454,30.0,204.0,85.0,7164.1
428444,2020-03-24,CN,Beijing,pm25,439,46.0,182.0,99.0,16672.7
428445,2020-05-06,CN,Beijing,pm25,452,59.0,199.0,164.0,8170.14
428446,2020-03-21,CN,Beijing,pm25,456,9.0,168.0,82.0,8817.0
428447,2020-03-27,CN,Beijing,pm25,438,5.0,61.0,21.0,1446.71
428448,2020-03-28,CN,Beijing,pm25,465,5.0,104.0,30.0,4613.88
428449,2020-04-30,CN,Beijing,pm25,451,139.0,286.0,167.0,1589.07
428450,2020-01-02,CN,Beijing,pm25,450,85.0,189.0,152.0,3158.64
428451,2020-01-19,CN,Beijing,pm25,479,5.0,335.0,91.0,30541.3
428452,2020-02-03,CN,Beijing,pm25,469,5.0,824.0,38.0,30920.2
428453,2020-02-18,CN,Beijing,pm25,454,17.0,142.0,61.0,2796.32
428454,2020-02-21,CN,Beijing,pm25,450,5.0,231.0,177.0,42377.3
428455,2020-01-31,CN,Beijing,pm25,478,5.0,212.0,152.0,27976.1
428456,2020-03-06,CN,Beijing,pm25,448,117.0,195.0,165.0,1633.57
428457,2020-04-05,CN,Beijing,pm25,451,53.0,162.0,82.0,2676.32
428458,2020-04-14,CN,Beijing,pm25,421,70.0,245.0,158.0,6155.6
428459,2020-04-21,CN,Beijing,pm25,454,5.0,152.0,30.0,2283.89
428460,2020-04-12,CN,Beijing,pm25,447,5.0,692.0,59.0,13858.7
428461,2020-05-04,CN,Beijing,pm25,453,42.0,167.0,93.0,4875.39
428462,2020-01-14,CN,Beijing,pm25,444,21.0,142.0,59.0,3437.17
428463,2020-01-16,CN,Beijing,pm25,454,13.0,370.0,99.0,48076.9
428464,2020-01-18,CN,Beijing,pm25,451,42.0,414.0,287.0,63937.9
428465,2020-01-21,CN,Beijing,pm25,425,59.0,163.0,122.0,5221.24
428466,2020-04-03,CN,Beijing,pm25,443,5.0,129.0,50.0,8349.07
428467,2020-04-08,CN,Beijing,pm25,450,30.0,164.0,70.0,1947.55
428468,2020-01-17,CN,Beijing,pm25,470,89.0,450.0,159.0,15555.1
428469,2020-02-16,CN,Beijing,pm25,431,5.0,93.0,17.0,1064.97
428470,2020-02-28,CN,Beijing,pm25,451,91.0,198.0,151.0,6395.48
428471,2020-03-31,CN,Beijing,pm25,459,59.0,177.0,154.0,3295.75
428472,2020-02-14,CN,Beijing,pm25,441,9.0,260.0,76.0,43002.9
428473,2020-02-26,CN,Beijing,pm25,446,50.0,174.0,89.0,5841.39
428474,2020-03-19,CN,Beijing,pm25,434,5.0,104.0,25.0,4064.23
428475,2020-01-01,CN,Beijing,pm25,441,57.0,168.0,104.0,5778.64
428476,2020-01-04,CN,Beijing,pm25,457,30.0,282.0,112.0,21448.4
428477,2020-02-08,CN,Beijing,pm25,475,25.0,286.0,158.0,22278.4
428478,2020-03-14,CN,Beijing,pm25,445,5.0,134.0,25.0,10293.6
428479,2020-03-23,CN,Beijing,pm25,455,9.0,169.0,87.0,10887.8
428480,2020-04-29,CN,Beijing,pm25,451,82.0,413.0,154.0,7389.48
428481,2020-01-08,CN,Beijing,pm25,467,5.0,166.0,46.0,14717.1
428482,2020-02-12,CN,Beijing,pm25,452,195.0,348.0,266.0,6830.8
428483,2020-02-29,CN,Beijing,pm25,460,65.0,211.0,159.0,8600.86
428484,2020-04-27,CN,Beijing,pm25,444,34.0,176.0,117.0,5381.07
428485,2020-05-03,CN,Beijing,pm25,449,80.0,174.0,153.0,6078.62
428486,2020-01-12,CN,Beijing,pm25,476,21.0,177.0,68.0,6249.26
428487,2020-03-05,CN,Beijing,pm25,454,50.0,163.0,102.0,7385.66
428488,2020-01-20,CN,Beijing,pm25,382,5.0,95.0,30.0,3927.25
428489,2020-01-27,CN,Beijing,pm25,480,162.0,405.0,232.0,18711.1
428490,2020-03-11,CN,Beijing,pm25,426,5.0,159.0,85.0,15983.8
428491,2020-03-16,CN,Beijing,pm25,449,17.0,152.0,72.0,5436.39
428492,2020-03-30,CN,Beijing,pm25,472,65.0,178.0,157.0,2175.68
428493,2020-04-02,CN,Beijing,pm25,436,5.0,164.0,61.0,12004.5
473177,2020-01-06,CN,Wuhan,pm25,384,9.0,157.0,55.0,5928.58
473178,2020-01-07,CN,Wuhan,pm25,377,5.0,132.0,55.0,8967.24
473179,2020-01-15,CN,Wuhan,pm25,384,109.0,184.0,169.0,938.22
473180,2020-02-09,CN,Wuhan,pm25,384,53.0,179.0,89.0,2745.37
473181,2020-01-14,CN,Wuhan,pm25,386,127.0,199.0,175.0,1417.68
473182,2020-02-02,CN,Wuhan,pm25,385,112.0,173.0,154.0,1296.82
473183,2020-02-24,CN,Wuhan,pm25,380,70.0,154.0,107.0,2762.32
473184,2020-03-21,CN,Wuhan,pm25,387,68.0,161.0,112.0,3304.58
473185,2020-04-13,CN,Wuhan,pm25,360,13.0,144.0,85.0,3517.25
473186,2020-04-14,CN,Wuhan,pm25,366,25.0,152.0,78.0,3919.04
473187,2020-01-22,CN,Wuhan,pm25,386,122.0,188.0,164.0,984.86
473188,2020-02-22,CN,Wuhan,pm25,383,65.0,166.0,114.0,4430.47
473189,2020-03-15,CN,Wuhan,pm25,368,59.0,144.0,87.0,2457.28
473190,2020-05-07,CN,Wuhan,pm25,382,42.0,155.0,91.0,5198.15
473191,2020-02-14,CN,Wuhan,pm25,372,34.0,153.0,68.0,7181.05
473192,2020-02-26,CN,Wuhan,pm25,378,38.0,173.0,132.0,12394.5
473193,2020-03-17,CN,Wuhan,pm25,386,38.0,157.0,127.0,5199.65
473194,2020-04-01,CN,Wuhan,pm25,384,17.0,153.0,76.0,6657.08
473195,2020-04-20,CN,Wuhan,pm25,358,59.0,159.0,104.0,4740.31
473196,2020-04-26,CN,Wuhan,pm25,380,9.0,134.0,82.0,2186.69
473197,2020-02-08,CN,Wuhan,pm25,382,38.0,107.0,72.0,1534.81
473198,2020-02-25,CN,Wuhan,pm25,366,91.0,177.0,157.0,3255.6
473199,2020-03-05,CN,Wuhan,pm25,387,74.0,161.0,132.0,3933.38
473200,2020-02-15,CN,Wuhan,pm25,381,5.0,163.0,53.0,15154.6
473201,2020-03-09,CN,Wuhan,pm25,387,55.0,167.0,114.0,7296.12
473202,2020-04-08,CN,Wuhan,pm25,379,38.0,158.0,99.0,6890.16
473203,2020-03-24,CN,Wuhan,pm25,387,65.0,158.0,104.0,4638.35
473204,2020-04-28,CN,Wuhan,pm25,383,21.0,127.0,82.0,2658.96
473205,2020-05-08,CN,Wuhan,pm25,228,5.0,153.0,85.0,16973.2
473206,2020-01-04,CN,Wuhan,pm25,339,127.0,219.0,178.0,1891.39
473207,2020-03-07,CN,Wuhan,pm25,384,50.0,153.0,95.0,4178.52
473208,2020-04-06,CN,Wuhan,pm25,386,53.0,154.0,87.0,5779.96
473209,2020-01-10,CN,Wuhan,pm25,384,9.0,152.0,82.0,3050.08
473210,2020-01-24,CN,Wuhan,pm25,384,34.0,162.0,89.0,7872.02
473211,2020-03-18,CN,Wuhan,pm25,387,46.0,172.0,132.0,14983.7
473212,2020-03-30,CN,Wuhan,pm25,384,9.0,127.0,55.0,2555.05
473213,2020-03-31,CN,Wuhan,pm25,383,30.0,132.0,72.0,2626.45
473214,2020-04-04,CN,Wuhan,pm25,386,68.0,180.0,119.0,4159.34
473215,2020-01-17,CN,Wuhan,pm25,378,53.0,164.0,114.0,5072.09
473216,2020-03-08,CN,Wuhan,pm25,382,17.0,151.0,76.0,3154.91
473217,2020-04-24,CN,Wuhan,pm25,360,21.0,144.0,80.0,4707.45
473218,2020-01-31,CN,Wuhan,pm25,387,104.0,190.0,154.0,2432.36
473219,2020-02-29,CN,Wuhan,pm25,381,9.0,154.0,53.0,3589.36
473220,2020-03-27,CN,Wuhan,pm25,376,5.0,127.0,38.0,5044.05
473221,2020-04-05,CN,Wuhan,pm25,382,76.0,168.0,129.0,3470.67
473222,2020-05-01,CN,Wuhan,pm25,383,63.0,161.0,129.0,2824.54
473223,2020-01-11,CN,Wuhan,pm25,387,57.0,158.0,104.0,4885.96
473224,2020-02-21,CN,Wuhan,pm25,382,55.0,168.0,112.0,8801.04
473225,2020-02-28,CN,Wuhan,pm25,373,9.0,132.0,42.0,4682.75
473226,2020-04-07,CN,Wuhan,pm25,384,57.0,157.0,104.0,3413.6
473227,2020-04-30,CN,Wuhan,pm25,384,50.0,192.0,124.0,4134.85
473228,2020-03-04,CN,Wuhan,pm25,382,50.0,153.0,85.0,3520.24
473229,2020-03-06,CN,Wuhan,pm25,386,65.0,154.0,112.0,3883.73
473230,2020-03-10,CN,Wuhan,pm25,384,9.0,153.0,91.0,5130.41
473231,2020-03-26,CN,Wuhan,pm25,382,9.0,127.0,82.0,6525.29
473232,2020-04-03,CN,Wuhan,pm25,385,63.0,198.0,122.0,6002.87
473233,2020-04-10,CN,Wuhan,pm25,372,46.0,182.0,117.0,9740.94
473234,2020-01-27,CN,Wuhan,pm25,386,57.0,161.0,124.0,7194.98
473235,2020-04-19,CN,Wuhan,pm25,360,9.0,124.0,70.0,3261.39
473236,2020-04-23,CN,Wuhan,pm25,365,55.0,169.0,114.0,6880.64
473237,2020-04-29,CN,Wuhan,pm25,386,42.0,168.0,104.0,5191.8
473238,2020-05-02,CN,Wuhan,pm25,382,55.0,397.0,112.0,7532.54
473239,2020-03-25,CN,Wuhan,pm25,371,13.0,154.0,95.0,8554.45
473240,2020-05-03,CN,Wuhan,pm25,382,55.0,160.0,99.0,2927.21
473241,2020-01-18,CN,Wuhan,pm25,355,63.0,170.0,137.0,4835.07
473242,2020-04-22,CN,Wuhan,pm25,366,50.0,158.0,97.0,5043.57
473243,2020-01-16,CN,Wuhan,pm25,383,80.0,173.0,152.0,3658.37
473244,2020-01-30,CN,Wuhan,pm25,387,87.0,161.0,142.0,2773.02
473245,2020-02-04,CN,Wuhan,pm25,384,95.0,179.0,153.0,3455.29
473246,2020-03-01,CN,Wuhan,pm25,381,34.0,147.0,80.0,3017.94
473247,2020-03-11,CN,Wuhan,pm25,386,61.0,165.0,99.0,4174.33
473248,2020-04-02,CN,Wuhan,pm25,385,50.0,210.0,91.0,4597.94
473249,2020-05-06,CN,Wuhan,pm25,382,34.0,153.0,91.0,4818.66
473250,2020-01-05,CN,Wuhan,pm25,387,61.0,190.0,154.0,6915.37
473251,2020-02-07,CN,Wuhan,pm25,382,9.0,102.0,61.0,1734.48
473252,2020-02-19,CN,Wuhan,pm25,383,38.0,114.0,82.0,1408.41
473253,2020-02-20,CN,Wuhan,pm25,384,38.0,175.0,102.0,11243.0
473254,2020-02-23,CN,Wuhan,pm25,384,53.0,272.0,95.0,4171.63
473255,2020-03-02,CN,Wuhan,pm25,373,50.0,127.0,78.0,1781.75
473256,2020-03-29,CN,Wuhan,pm25,362,9.0,89.0,42.0,2800.35
473257,2020-04-12,CN,Wuhan,pm25,370,38.0,162.0,91.0,3725.05
473258,2020-04-27,CN,Wuhan,pm25,382,25.0,142.0,89.0,2305.02
473259,2020-05-04,CN,Wuhan,pm25,383,50.0,158.0,109.0,7388.39
473260,2020-01-19,CN,Wuhan,pm25,387,122.0,208.0,171.0,1509.29
473261,2020-02-06,CN,Wuhan,pm25,383,9.0,199.0,82.0,28571.4
473262,2020-04-15,CN,Wuhan,pm25,382,21.0,132.0,76.0,3247.09
473263,2020-02-03,CN,Wuhan,pm25,385,95.0,189.0,153.0,2822.25
473264,2020-03-22,CN,Wuhan,pm25,386,78.0,172.0,142.0,5772.68
473265,2019-12-30,CN,Wuhan,pm25,368,89.0,243.0,155.0,6463.07
473266,2020-01-20,CN,Wuhan,pm25,268,124.0,200.0,168.0,1422.56
473267,2020-01-25,CN,Wuhan,pm25,387,30.0,189.0,107.0,17876.1
473268,2020-02-12,CN,Wuhan,pm25,383,42.0,132.0,78.0,2543.11
473269,2019-12-31,CN,Wuhan,pm25,382,59.0,251.0,155.0,13013.4
473270,2020-01-21,CN,Wuhan,pm25,353,127.0,199.0,166.0,577.19
473271,2020-02-05,CN,Wuhan,pm25,384,99.0,232.0,163.0,4911.6
473272,2020-01-02,CN,Wuhan,pm25,384,112.0,178.0,158.0,1350.71
473273,2020-03-03,CN,Wuhan,pm25,103,50.0,127.0,76.0,1973.98
473274,2020-04-11,CN,Wuhan,pm25,384,5.0,127.0,65.0,5046.08
473275,2020-04-16,CN,Wuhan,pm25,372,53.0,153.0,109.0,3626.06
473276,2020-01-03,CN,Wuhan,pm25,367,127.0,193.0,172.0,755.08
473277,2020-02-17,CN,Wuhan,pm25,381,5.0,93.0,55.0,2252.52
473278,2020-02-27,CN,Wuhan,pm25,383,21.0,158.0,89.0,7807.22
473279,2020-03-13,CN,Wuhan,pm25,385,85.0,172.0,142.0,3208.92
473280,2020-04-09,CN,Wuhan,pm25,385,46.0,170.0,99.0,3842.78
473281,2020-01-23,CN,Wuhan,pm25,338,127.0,187.0,164.0,663.46
473282,2020-01-29,CN,Wuhan,pm25,385,85.0,163.0,139.0,2136.51
473283,2020-03-14,CN,Wuhan,pm25,382,63.0,171.0,129.0,8591.95
473284,2020-04-18,CN,Wuhan,pm25,369,55.0,147.0,99.0,2637.38
473285,2020-01-01,CN,Wuhan,pm25,363,70.0,161.0,114.0,5210.11
473286,2020-01-13,CN,Wuhan,pm25,387,61.0,174.0,117.0,7207.72
473287,2020-02-13,CN,Wuhan,pm25,380,30.0,158.0,70.0,3071.05
473288,2020-03-16,CN,Wuhan,pm25,387,30.0,157.0,117.0,3136.79
473289,2020-03-19,CN,Wuhan,pm25,387,55.0,137.0,93.0,1816.14
473290,2020-03-28,CN,Wuhan,pm25,373,5.0,97.0,42.0,4531.04
473291,2020-02-18,CN,Wuhan,pm25,379,9.0,129.0,65.0,2300.07
473292,2020-03-23,CN,Wuhan,pm25,387,76.0,160.0,119.0,3915.36
473293,2020-04-21,CN,Wuhan,pm25,354,30.0,149.0,85.0,4859.04
473294,2020-02-10,CN,Wuhan,pm25,384,61.0,161.0,107.0,3938.54
473295,2020-02-16,CN,Wuhan,pm25,381,5.0,82.0,50.0,2926.09
473296,2020-01-08,CN,Wuhan,pm25,386,55.0,160.0,107.0,3056.58
473297,2020-01-12,CN,Wuhan,pm25,380,42.0,188.0,147.0,9551.2
473298,2020-02-01,CN,Wuhan,pm25,387,112.0,174.0,154.0,968.09
473299,2020-04-17,CN,Wuhan,pm25,358,53.0,157.0,97.0,3322.02
473300,2020-05-05,CN,Wuhan,pm25,378,9.0,155.0,80.0,8551.46
473301,2020-01-09,CN,Wuhan,pm25,385,9.0,127.0,59.0,6509.37
473302,2020-01-28,CN,Wuhan,pm25,387,93.0,163.0,151.0,3703.66
473303,2020-03-12,CN,Wuhan,pm25,386,76.0,159.0,122.0,3683.22
473304,2020-01-26,CN,Wuhan,pm25,387,25.0,153.0,85.0,5852.35
473305,2020-02-11,CN,Wuhan,pm25,383,25.0,159.0,80.0,7224.8
473306,2020-03-20,CN,Wuhan,pm25,384,50.0,134.0,91.0,2851.08
473307,2020-04-25,CN,Wuhan,pm25,366,34.0,127.0,76.0,1579.82
520770,2020-03-14,IN,Mumbai,pm25,310,10.0,824.0,97.0,27523.4
520771,2020-03-18,IN,Mumbai,pm25,312,1.0,259.0,130.0,14660.5
520772,2020-01-20,IN,Mumbai,pm25,271,5.0,834.0,169.0,66943.4
520773,2020-02-19,IN,Mumbai,pm25,309,65.0,824.0,168.0,38362.5
520774,2020-03-12,IN,Mumbai,pm25,309,1.0,164.0,61.0,9956.32
520775,2020-01-07,IN,Mumbai,pm25,299,54.0,834.0,166.0,84807.8
520776,2020-03-29,IN,Mumbai,pm25,275,3.0,156.0,83.0,6072.83
520777,2020-05-06,IN,Mumbai,pm25,248,1.0,834.0,48.0,136793.0
520778,2020-02-04,IN,Mumbai,pm25,291,87.0,249.0,163.0,5612.5
520779,2020-02-21,IN,Mumbai,pm25,302,18.0,791.0,115.0,28910.9
520780,2020-04-15,IN,Mumbai,pm25,102,4.0,824.0,87.0,313248.0
520781,2020-02-07,IN,Mumbai,pm25,309,25.0,229.0,127.0,12766.6
520782,2020-02-10,IN,Mumbai,pm25,286,57.0,183.0,151.0,5884.24
520783,2020-05-08,IN,Mumbai,pm25,124,9.0,664.0,56.0,37128.3
520784,2020-03-26,IN,Mumbai,pm25,285,2.0,159.0,85.0,6002.79
520785,2020-04-05,IN,Mumbai,pm25,191,4.0,156.0,85.0,7326.98
520786,2020-05-07,IN,Mumbai,pm25,220,3.0,824.0,54.0,92255.0
520787,2020-01-13,IN,Mumbai,pm25,304,9.0,824.0,147.0,192588.0
520788,2020-02-16,IN,Mumbai,pm25,309,34.0,227.0,163.0,7638.17
520789,2020-02-23,IN,Mumbai,pm25,310,25.0,223.0,162.0,7445.81
520790,2020-03-07,IN,Mumbai,pm25,300,1.0,198.0,82.0,9855.15
520791,2020-04-06,IN,Mumbai,pm25,199,2.0,824.0,72.0,249499.0
520792,2020-04-21,IN,Mumbai,pm25,206,1.0,834.0,67.0,223314.0
520793,2020-01-24,IN,Mumbai,pm25,306,73.0,824.0,160.0,145736.0
520794,2020-01-25,IN,Mumbai,pm25,312,65.0,302.0,167.0,4987.74
520795,2020-02-28,IN,Mumbai,pm25,311,56.0,363.0,163.0,13870.6
520796,2020-02-17,IN,Mumbai,pm25,310,91.0,824.0,173.0,84193.8
520797,2020-03-22,IN,Mumbai,pm25,293,1.0,230.0,64.0,5959.4
520798,2020-04-16,IN,Mumbai,pm25,102,1.0,824.0,77.0,320860.0
520799,2019-12-30,IN,Mumbai,pm25,312,57.0,191.0,168.0,2649.19
520800,2020-01-17,IN,Mumbai,pm25,275,5.0,199.0,130.0,16069.6
520801,2020-03-16,IN,Mumbai,pm25,292,47.0,195.0,152.0,8977.38
520802,2020-03-10,IN,Mumbai,pm25,285,1.0,252.0,82.0,30929.7
520803,2020-03-24,IN,Mumbai,pm25,286,6.0,178.0,107.0,8904.33
520804,2020-04-12,IN,Mumbai,pm25,120,3.0,151.0,90.0,6913.33
520805,2020-04-13,IN,Mumbai,pm25,109,3.0,824.0,86.0,428088.0
520806,2020-05-03,IN,Mumbai,pm25,181,1.0,768.0,45.0,37438.5
520807,2019-12-31,IN,Mumbai,pm25,309,37.0,206.0,157.0,6634.44
520808,2020-01-15,IN,Mumbai,pm25,297,14.0,824.0,85.0,27598.6
520809,2020-02-22,IN,Mumbai,pm25,300,64.0,824.0,160.0,45243.4
520810,2020-03-21,IN,Mumbai,pm25,300,1.0,824.0,67.0,82839.5
520811,2020-04-03,IN,Mumbai,pm25,225,5.0,824.0,87.0,215847.0
520812,2020-04-28,IN,Mumbai,pm25,203,1.0,824.0,65.0,170517.0
520813,2020-01-22,IN,Mumbai,pm25,285,55.0,824.0,163.0,61855.1
520814,2020-01-31,IN,Mumbai,pm25,312,37.0,250.0,153.0,7416.62
520815,2020-03-01,IN,Mumbai,pm25,297,30.0,337.0,124.0,10304.3
520816,2020-02-20,IN,Mumbai,pm25,309,35.0,260.0,153.0,15799.3
520817,2020-03-08,IN,Mumbai,pm25,285,9.0,160.0,92.0,7036.77
520818,2020-05-04,IN,Mumbai,pm25,211,1.0,820.0,43.0,85898.2
520819,2020-01-03,IN,Mumbai,pm25,286,88.0,800.0,170.0,16796.2
520820,2020-01-29,IN,Mumbai,pm25,308,7.0,824.0,70.0,72915.3
520821,2020-02-05,IN,Mumbai,pm25,302,70.0,228.0,153.0,7849.57
520822,2020-04-01,IN,Mumbai,pm25,245,2.0,824.0,77.0,152091.0
520823,2020-04-08,IN,Mumbai,pm25,199,11.0,824.0,92.0,237317.0
520824,2020-05-05,IN,Mumbai,pm25,251,1.0,166.0,46.0,5627.47
520825,2020-02-02,IN,Mumbai,pm25,306,77.0,327.0,160.0,8387.82
520826,2020-03-20,IN,Mumbai,pm25,297,1.0,198.0,63.0,14742.8
520827,2020-03-27,IN,Mumbai,pm25,283,1.0,151.0,84.0,4379.79
520828,2020-01-05,IN,Mumbai,pm25,287,58.0,225.0,164.0,6654.37
520829,2020-01-12,IN,Mumbai,pm25,301,43.0,824.0,165.0,163066.0
520830,2020-04-23,IN,Mumbai,pm25,217,3.0,824.0,66.0,159636.0
520831,2020-03-15,IN,Mumbai,pm25,286,15.0,834.0,141.0,119760.0
520832,2020-04-30,IN,Mumbai,pm25,201,1.0,165.0,63.0,5486.5
520833,2020-02-08,IN,Mumbai,pm25,309,65.0,222.0,158.0,4942.33
520834,2020-02-15,IN,Mumbai,pm25,302,12.0,824.0,144.0,53334.4
520835,2020-02-18,IN,Mumbai,pm25,305,59.0,528.0,168.0,10354.5
520836,2020-02-11,IN,Mumbai,pm25,301,65.0,824.0,155.0,66964.0
520837,2020-03-25,IN,Mumbai,pm25,285,12.0,163.0,90.0,6275.41
520838,2020-04-04,IN,Mumbai,pm25,211,3.0,824.0,85.0,230099.0
520839,2020-05-01,IN,Mumbai,pm25,200,1.0,663.0,55.0,24760.3
520840,2020-02-14,IN,Mumbai,pm25,305,6.0,180.0,153.0,7484.38
520841,2020-04-18,IN,Mumbai,pm25,102,1.0,824.0,72.0,326860.0
520842,2020-04-24,IN,Mumbai,pm25,212,24.0,824.0,65.0,162983.0
520843,2020-01-02,IN,Mumbai,pm25,303,66.0,271.0,180.0,8204.18
520844,2020-01-27,IN,Mumbai,pm25,310,1.0,365.0,113.0,23302.7
520845,2020-04-20,IN,Mumbai,pm25,132,1.0,824.0,84.0,341472.0
520846,2020-03-13,IN,Mumbai,pm25,305,9.0,182.0,81.0,8763.7
520847,2020-04-02,IN,Mumbai,pm25,242,2.0,824.0,92.0,221739.0
520848,2020-05-02,IN,Mumbai,pm25,185,1.0,160.0,50.0,7793.29
520849,2020-01-08,IN,Mumbai,pm25,290,51.0,834.0,154.0,68610.0
520850,2020-01-11,IN,Mumbai,pm25,298,27.0,824.0,160.0,126102.0
520851,2020-01-30,IN,Mumbai,pm25,304,34.0,197.0,141.0,8502.82
520852,2020-04-27,IN,Mumbai,pm25,212,1.0,824.0,58.0,167158.0
520853,2020-02-24,IN,Mumbai,pm25,311,88.0,229.0,168.0,4119.79
520854,2020-03-05,IN,Mumbai,pm25,310,1.0,824.0,97.0,154219.0
520855,2020-03-23,IN,Mumbai,pm25,279,1.0,168.0,82.0,8143.07
520856,2020-01-04,IN,Mumbai,pm25,288,68.0,810.0,169.0,29774.4
520857,2020-01-18,IN,Mumbai,pm25,275,5.0,244.0,162.0,18141.4
520858,2020-04-25,IN,Mumbai,pm25,212,6.0,824.0,57.0,167755.0
520859,2020-02-29,IN,Mumbai,pm25,312,6.0,264.0,155.0,21412.9
520860,2020-03-28,IN,Mumbai,pm25,287,8.0,153.0,91.0,5225.05
520861,2020-03-31,IN,Mumbai,pm25,266,1.0,824.0,79.0,70472.8
520862,2020-01-14,IN,Mumbai,pm25,282,8.0,174.0,101.0,11483.1
520863,2020-01-23,IN,Mumbai,pm25,291,79.0,824.0,165.0,31506.8
520864,2020-01-26,IN,Mumbai,pm25,312,93.0,262.0,171.0,7571.33
520865,2020-01-01,IN,Mumbai,pm25,310,66.0,824.0,179.0,58199.0
520866,2020-03-03,IN,Mumbai,pm25,112,72.0,241.0,118.0,6795.52
520867,2020-03-06,IN,Mumbai,pm25,309,1.0,709.0,68.0,24421.0
520868,2020-04-10,IN,Mumbai,pm25,174,1.0,824.0,91.0,186767.0
520869,2020-01-09,IN,Mumbai,pm25,287,51.0,824.0,151.0,80343.2
520870,2020-01-16,IN,Mumbai,pm25,308,8.0,764.0,90.0,27457.2
520871,2020-02-03,IN,Mumbai,pm25,312,74.0,284.0,161.0,10025.4
520872,2020-04-09,IN,Mumbai,pm25,188,10.0,824.0,91.0,172378.0
520873,2020-02-09,IN,Mumbai,pm25,291,73.0,188.0,157.0,3028.83
520874,2020-02-27,IN,Mumbai,pm25,309,30.0,208.0,151.0,10721.6
520875,2020-03-30,IN,Mumbai,pm25,281,4.0,824.0,81.0,40092.3
520876,2020-01-21,IN,Mumbai,pm25,288,73.0,284.0,168.0,9248.71
520877,2020-03-11,IN,Mumbai,pm25,292,1.0,166.0,58.0,5639.19
520878,2020-03-19,IN,Mumbai,pm25,302,11.0,192.0,84.0,15567.3
520879,2020-03-02,IN,Mumbai,pm25,261,47.0,752.0,129.0,26553.6
520880,2020-03-17,IN,Mumbai,pm25,292,18.0,824.0,161.0,81488.0
520881,2020-04-14,IN,Mumbai,pm25,104,3.0,824.0,91.0,443358.0
520882,2020-04-29,IN,Mumbai,pm25,202,2.0,168.0,68.0,4324.31
520883,2020-01-28,IN,Mumbai,pm25,310,13.0,236.0,70.0,16784.6
520884,2020-02-06,IN,Mumbai,pm25,311,7.0,252.0,126.0,13246.4
520885,2020-02-13,IN,Mumbai,pm25,310,50.0,824.0,158.0,27284.5
520886,2020-04-22,IN,Mumbai,pm25,219,3.0,824.0,68.0,158234.0
520887,2020-01-10,IN,Mumbai,pm25,312,5.0,824.0,155.0,68261.8
520888,2020-01-19,IN,Mumbai,pm25,276,5.0,262.0,165.0,15656.2
520889,2020-03-09,IN,Mumbai,pm25,286,5.0,819.0,107.0,27002.2
520890,2020-02-12,IN,Mumbai,pm25,310,51.0,834.0,155.0,96729.3
520891,2020-04-19,IN,Mumbai,pm25,96,1.0,141.0,72.0,6360.71
520892,2020-02-26,IN,Mumbai,pm25,288,12.0,211.0,116.0,9026.23
520893,2020-04-07,IN,Mumbai,pm25,197,2.0,824.0,85.0,246927.0
520894,2020-04-11,IN,Mumbai,pm25,139,1.0,824.0,94.0,360196.0
520895,2020-04-26,IN,Mumbai,pm25,209,1.0,162.0,62.0,6989.43
520896,2020-01-06,IN,Mumbai,pm25,288,52.0,824.0,157.0,99005.5
520897,2020-02-01,IN,Mumbai,pm25,312,85.0,259.0,159.0,4473.4
520898,2020-02-25,IN,Mumbai,pm25,301,8.0,313.0,116.0,16964.3
520899,2020-03-04,IN,Mumbai,pm25,296,3.0,775.0,103.0,39562.7
520900,2020-04-17,IN,Mumbai,pm25,96,1.0,824.0,75.0,340562.0
650728,2020-03-01,IT,Florence,pm25,48,30.0,30.0,30.0,0.0
650729,2020-04-22,IT,Florence,pm25,48,46.0,46.0,46.0,0.0
650730,2020-04-29,IT,Florence,pm25,48,21.0,25.0,21.0,40.85
650731,2020-05-01,IT,Florence,pm25,48,21.0,21.0,21.0,0.0
650732,2020-05-03,IT,Florence,pm25,48,17.0,21.0,17.0,40.85
650733,2020-02-11,IT,Florence,pm25,48,38.0,50.0,38.0,367.66
650734,2020-03-12,IT,Florence,pm25,48,78.0,82.0,78.0,40.85
650735,2020-04-20,IT,Florence,pm25,48,30.0,38.0,30.0,163.4
650736,2020-01-27,IT,Florence,pm25,48,65.0,78.0,65.0,431.49
650737,2020-01-29,IT,Florence,pm25,48,42.0,46.0,42.0,40.85
650738,2019-12-30,IT,Florence,pm25,24,34.0,34.0,34.0,0.0
650739,2020-01-14,IT,Florence,pm25,48,122.0,134.0,122.0,367.66
650740,2020-01-25,IT,Florence,pm25,48,68.0,80.0,68.0,367.66
650741,2019-12-31,IT,Florence,pm25,48,78.0,87.0,78.0,206.81
650742,2020-04-09,IT,Florence,pm25,48,55.0,57.0,55.0,10.21
650743,2020-04-02,IT,Florence,pm25,48,42.0,46.0,42.0,40.85
650744,2020-01-23,IT,Florence,pm25,48,95.0,97.0,95.0,10.21
650745,2020-02-14,IT,Florence,pm25,48,38.0,57.0,38.0,921.7
650746,2020-03-17,IT,Florence,pm25,48,57.0,59.0,57.0,10.21
650747,2020-01-31,IT,Florence,pm25,48,57.0,68.0,57.0,308.94
650748,2020-01-12,IT,Florence,pm25,48,63.0,68.0,63.0,63.83
650749,2020-04-03,IT,Florence,pm25,48,50.0,50.0,50.0,0.0
650750,2020-04-21,IT,Florence,pm25,24,34.0,34.0,34.0,0.0
650751,2020-04-13,IT,Florence,pm25,48,53.0,55.0,53.0,10.21
650752,2020-04-18,IT,Florence,pm25,48,50.0,53.0,50.0,22.98
650753,2020-04-26,IT,Florence,pm25,48,30.0,38.0,30.0,163.4
650754,2020-01-17,IT,Florence,pm25,48,104.0,107.0,104.0,22.98
650755,2020-01-18,IT,Florence,pm25,48,104.0,107.0,104.0,22.98
650756,2020-02-07,IT,Florence,pm25,48,63.0,68.0,63.0,63.83
650757,2020-01-11,IT,Florence,pm25,48,74.0,78.0,74.0,40.85
650758,2020-02-22,IT,Florence,pm25,48,78.0,78.0,78.0,0.0
650759,2020-01-09,IT,Florence,pm25,48,91.0,107.0,91.0,653.62
650760,2020-02-29,IT,Florence,pm25,48,61.0,70.0,61.0,206.81
650761,2020-03-19,IT,Florence,pm25,48,57.0,59.0,57.0,10.21
650762,2020-01-07,IT,Florence,pm25,24,102.0,102.0,102.0,0.0
650763,2020-01-08,IT,Florence,pm25,24,82.0,82.0,82.0,0.0
650764,2020-01-16,IT,Florence,pm25,48,99.0,104.0,99.0,63.83
650765,2020-02-23,IT,Florence,pm25,48,53.0,55.0,53.0,10.21
650766,2020-04-27,IT,Florence,pm25,48,34.0,34.0,34.0,0.0
650767,2020-03-11,IT,Florence,pm25,48,57.0,57.0,57.0,0.0
650768,2020-03-14,IT,Florence,pm25,48,53.0,55.0,53.0,10.21
650769,2020-01-20,IT,Florence,pm25,48,25.0,30.0,25.0,63.83
650770,2020-02-05,IT,Florence,pm25,48,21.0,34.0,21.0,431.49
650771,2020-02-27,IT,Florence,pm25,48,25.0,38.0,25.0,431.49
650772,2020-02-19,IT,Florence,pm25,24,55.0,55.0,55.0,0.0
650773,2020-02-26,IT,Florence,pm25,48,34.0,38.0,34.0,40.85
650774,2020-03-29,IT,Florence,pm25,46,57.0,70.0,57.0,431.89
650775,2020-04-04,IT,Florence,pm25,48,53.0,53.0,53.0,0.0
650776,2020-01-28,IT,Florence,pm25,48,30.0,34.0,30.0,40.85
650777,2020-02-12,IT,Florence,pm25,48,46.0,50.0,46.0,40.85
650778,2020-02-16,IT,Florence,pm25,48,68.0,70.0,68.0,10.21
650779,2020-02-13,IT,Florence,pm25,48,46.0,46.0,46.0,0.0
650780,2020-03-10,IT,Florence,pm25,48,50.0,61.0,50.0,308.94
650781,2020-05-04,IT,Florence,pm25,48,21.0,21.0,21.0,0.0
650782,2020-03-07,IT,Florence,pm25,48,25.0,46.0,25.0,1125.96
650783,2020-04-01,IT,Florence,pm25,24,42.0,42.0,42.0,0.0
650784,2020-02-09,IT,Florence,pm25,48,97.0,104.0,97.0,125.11
650785,2020-02-24,IT,Florence,pm25,48,55.0,59.0,55.0,40.85
650786,2020-03-06,IT,Florence,pm25,48,25.0,25.0,25.0,0.0
650787,2020-03-09,IT,Florence,pm25,48,53.0,59.0,53.0,91.91
650788,2020-04-08,IT,Florence,pm25,48,53.0,55.0,53.0,10.21
650789,2020-03-27,IT,Florence,pm25,48,46.0,53.0,46.0,125.11
650790,2020-04-07,IT,Florence,pm25,48,61.0,63.0,61.0,10.21
650791,2020-04-16,IT,Florence,pm25,48,38.0,38.0,38.0,0.0
650792,2020-01-26,IT,Florence,pm25,48,80.0,85.0,80.0,63.83
650793,2020-02-10,IT,Florence,pm25,48,50.0,55.0,50.0,63.83
650794,2020-03-16,IT,Florence,pm25,48,34.0,42.0,34.0,163.4
650795,2020-03-18,IT,Florence,pm25,48,59.0,59.0,59.0,0.0
650796,2020-03-26,IT,Florence,pm25,48,30.0,34.0,30.0,40.85
650797,2020-03-28,IT,Florence,pm25,48,97.0,99.0,97.0,10.21
650798,2020-02-17,IT,Florence,pm25,48,63.0,65.0,63.0,10.21
650799,2020-04-19,IT,Florence,pm25,48,55.0,57.0,55.0,10.21
650800,2020-03-21,IT,Florence,pm25,48,65.0,65.0,65.0,0.0
650801,2020-03-25,IT,Florence,pm25,48,34.0,34.0,34.0,0.0
650802,2020-04-25,IT,Florence,pm25,48,46.0,46.0,46.0,0.0
650803,2020-04-30,IT,Florence,pm25,48,25.0,25.0,25.0,0.0
650804,2020-05-06,IT,Florence,pm25,48,25.0,34.0,25.0,206.81
650805,2020-01-22,IT,Florence,pm25,48,82.0,85.0,82.0,22.98
650806,2020-01-24,IT,Florence,pm25,48,93.0,114.0,93.0,1125.96
650807,2020-02-15,IT,Florence,pm25,48,57.0,61.0,57.0,40.85
650808,2020-04-12,IT,Florence,pm25,48,50.0,53.0,50.0,22.98
650809,2020-04-14,IT,Florence,pm25,48,42.0,46.0,42.0,40.85
650810,2020-01-15,IT,Florence,pm25,48,122.0,124.0,122.0,10.21
650811,2020-01-30,IT,Florence,pm25,48,63.0,63.0,63.0,0.0
650812,2020-02-08,IT,Florence,pm25,48,72.0,78.0,72.0,91.91
650813,2020-03-20,IT,Florence,pm25,48,65.0,72.0,65.0,125.11
650814,2020-04-23,IT,Florence,pm25,48,55.0,57.0,55.0,10.21
650815,2020-01-01,IT,Florence,pm25,48,142.0,155.0,142.0,431.49
650816,2020-01-06,IT,Florence,pm25,48,74.0,76.0,74.0,10.21
650817,2020-02-28,IT,Florence,pm25,48,42.0,55.0,42.0,431.49
650818,2020-03-24,IT,Florence,pm25,48,38.0,42.0,38.0,40.85
650819,2020-04-15,IT,Florence,pm25,48,25.0,25.0,25.0,0.0
650820,2020-03-04,IT,Florence,pm25,48,30.0,55.0,30.0,1595.74
650821,2020-03-13,IT,Florence,pm25,48,53.0,57.0,53.0,40.85
650822,2020-04-24,IT,Florence,pm25,48,59.0,59.0,59.0,0.0
650823,2020-04-28,IT,Florence,pm25,48,25.0,30.0,25.0,63.83
650824,2020-03-15,IT,Florence,pm25,48,25.0,25.0,25.0,0.0
650825,2020-03-23,IT,Florence,pm25,48,25.0,30.0,25.0,63.83
650826,2020-03-31,IT,Florence,pm25,48,21.0,25.0,21.0,40.85
650827,2020-03-30,IT,Florence,pm25,48,53.0,53.0,53.0,0.0
650828,2020-02-01,IT,Florence,pm25,48,42.0,55.0,42.0,431.49
650829,2020-02-21,IT,Florence,pm25,24,70.0,70.0,70.0,0.0
650830,2020-03-08,IT,Florence,pm25,48,50.0,53.0,50.0,22.98
650831,2020-05-05,IT,Florence,pm25,48,25.0,34.0,25.0,206.81
650832,2020-02-02,IT,Florence,pm25,48,38.0,53.0,38.0,574.47
650833,2020-02-25,IT,Florence,pm25,48,57.0,61.0,57.0,40.85
650834,2020-05-02,IT,Florence,pm25,48,25.0,25.0,25.0,0.0
650835,2020-02-20,IT,Florence,pm25,24,59.0,59.0,59.0,0.0
650836,2020-03-03,IT,Florence,pm25,48,21.0,34.0,21.0,431.49
650837,2020-03-05,IT,Florence,pm25,48,42.0,53.0,42.0,308.94
650838,2020-01-10,IT,Florence,pm25,48,109.0,122.0,109.0,431.49
650839,2020-01-13,IT,Florence,pm25,48,87.0,93.0,87.0,91.91
650840,2020-01-19,IT,Florence,pm25,48,46.0,61.0,46.0,574.47
650841,2020-02-06,IT,Florence,pm25,48,30.0,34.0,30.0,40.85
650842,2020-02-18,IT,Florence,pm25,24,46.0,46.0,46.0,0.0
650843,2020-01-21,IT,Florence,pm25,48,53.0,59.0,53.0,91.91
650844,2020-02-03,IT,Florence,pm25,48,50.0,61.0,50.0,308.94
650845,2020-02-04,IT,Florence,pm25,48,42.0,50.0,42.0,163.4
650846,2020-03-22,IT,Florence,pm25,48,53.0,55.0,53.0,10.21
650847,2020-04-06,IT,Florence,pm25,48,63.0,63.0,63.0,0.0
650848,2020-01-02,IT,Florence,pm25,48,112.0,124.0,112.0,367.66
650849,2020-04-05,IT,Florence,pm25,48,50.0,50.0,50.0,0.0
650850,2020-04-17,IT,Florence,pm25,48,42.0,42.0,42.0,0.0
653074,2020-02-05,IT,Rome,pm25,144,9.0,21.0,17.0,183.5
653075,2020-04-29,IT,Rome,pm25,192,21.0,30.0,21.0,92.83
653076,2020-04-17,IT,Rome,pm25,120,34.0,46.0,38.0,232.34
653077,2020-04-25,IT,Rome,pm25,192,38.0,53.0,46.0,214.71
653078,2020-02-11,IT,Rome,pm25,192,25.0,63.0,50.0,1889.69
653079,2020-03-11,IT,Rome,pm25,168,53.0,70.0,65.0,317.4
653080,2020-03-28,IT,Rome,pm25,192,17.0,68.0,46.0,2020.37
653081,2020-04-15,IT,Rome,pm25,192,21.0,38.0,25.0,404.61
653082,2020-03-06,IT,Rome,pm25,192,17.0,34.0,30.0,282.57
653083,2020-03-26,IT,Rome,pm25,144,9.0,50.0,17.0,1921.4
653084,2020-03-27,IT,Rome,pm25,192,9.0,57.0,17.0,2736.13
653085,2020-01-31,IT,Rome,pm25,192,46.0,82.0,74.0,1174.71
653086,2020-02-03,IT,Rome,pm25,192,34.0,72.0,59.0,1058.01
653087,2020-02-04,IT,Rome,pm25,192,25.0,68.0,46.0,1410.94
653088,2020-03-03,IT,Rome,pm25,192,17.0,46.0,30.0,861.36
653089,2020-01-11,IT,Rome,pm25,168,82.0,129.0,117.0,2179.91
653090,2020-01-22,IT,Rome,pm25,192,68.0,107.0,87.0,1168.59
653091,2020-01-24,IT,Rome,pm25,192,97.0,124.0,109.0,835.45
653092,2020-01-29,IT,Rome,pm25,192,34.0,65.0,53.0,659.53
653093,2020-04-22,IT,Rome,pm25,192,13.0,30.0,25.0,313.51
653094,2020-04-23,IT,Rome,pm25,192,13.0,34.0,25.0,516.28
653095,2020-04-24,IT,Rome,pm25,192,46.0,55.0,50.0,134.29
653096,2020-02-01,IT,Rome,pm25,192,72.0,124.0,109.0,2878.59
653097,2020-02-27,IT,Rome,pm25,192,9.0,42.0,25.0,981.2
653098,2020-03-16,IT,Rome,pm25,168,30.0,72.0,57.0,1379.23
653099,2020-02-20,IT,Rome,pm25,192,42.0,63.0,53.0,380.58
653100,2020-03-08,IT,Rome,pm25,192,13.0,42.0,30.0,662.04
653101,2020-04-13,IT,Rome,pm25,192,57.0,72.0,59.0,278.95
653102,2020-01-09,IT,Rome,pm25,192,89.0,155.0,114.0,4014.5
653103,2020-01-14,IT,Rome,pm25,192,87.0,112.0,102.0,594.19
653104,2020-02-14,IT,Rome,pm25,192,30.0,42.0,34.0,201.05
653105,2020-02-16,IT,Rome,pm25,192,68.0,91.0,78.0,410.73
653106,2020-03-24,IT,Rome,pm25,192,21.0,50.0,34.0,992.04
653107,2020-04-01,IT,Rome,pm25,144,34.0,46.0,34.0,214.82
653108,2020-04-28,IT,Rome,pm25,192,25.0,42.0,38.0,346.65
653109,2020-05-04,IT,Rome,pm25,192,21.0,30.0,25.0,77.28
653110,2020-03-23,IT,Rome,pm25,168,17.0,68.0,46.0,2392.61
653111,2020-04-09,IT,Rome,pm25,192,68.0,87.0,74.0,398.17
653112,2020-04-18,IT,Rome,pm25,144,25.0,38.0,30.0,222.94
653113,2020-05-06,IT,Rome,pm25,192,30.0,42.0,34.0,110.58
653114,2020-01-10,IT,Rome,pm25,168,97.0,117.0,109.0,459.47
653115,2020-03-01,IT,Rome,pm25,120,30.0,50.0,42.0,555.03
653116,2020-03-10,IT,Rome,pm25,192,38.0,63.0,53.0,638.17
653117,2020-03-19,IT,Rome,pm25,192,55.0,99.0,78.0,1694.92
653118,2020-02-19,IT,Rome,pm25,168,50.0,70.0,65.0,476.3
653119,2020-05-01,IT,Rome,pm25,168,17.0,25.0,21.0,78.84
653120,2020-01-12,IT,Rome,pm25,192,63.0,127.0,95.0,3003.14
653121,2020-01-21,IT,Rome,pm25,192,59.0,80.0,65.0,376.34
653122,2020-02-06,IT,Rome,pm25,144,17.0,42.0,30.0,807.83
653123,2020-04-08,IT,Rome,pm25,192,74.0,85.0,78.0,165.86
653124,2020-04-20,IT,Rome,pm25,144,21.0,46.0,38.0,623.5
653125,2020-01-05,IT,Rome,pm25,192,53.0,82.0,70.0,633.14
653126,2020-03-07,IT,Rome,pm25,192,30.0,46.0,34.0,319.16
653127,2020-03-09,IT,Rome,pm25,192,25.0,55.0,38.0,954.97
653128,2020-03-13,IT,Rome,pm25,192,53.0,78.0,59.0,755.03
653129,2020-03-20,IT,Rome,pm25,192,55.0,91.0,72.0,1161.05
653130,2020-04-07,IT,Rome,pm25,168,63.0,82.0,72.0,271.41
653131,2020-04-11,IT,Rome,pm25,192,63.0,78.0,70.0,374.29
653132,2020-02-26,IT,Rome,pm25,168,9.0,46.0,34.0,1168.18
653133,2020-03-30,IT,Rome,pm25,192,21.0,72.0,63.0,2396.07
653134,2020-02-25,IT,Rome,pm25,192,13.0,68.0,38.0,2566.96
653135,2020-04-04,IT,Rome,pm25,192,50.0,59.0,55.0,66.44
653136,2020-04-16,IT,Rome,pm25,168,34.0,46.0,42.0,131.39
653137,2020-01-08,IT,Rome,pm25,168,74.0,142.0,104.0,3469.22
653138,2020-01-20,IT,Rome,pm25,192,21.0,59.0,38.0,1363.19
653139,2020-01-23,IT,Rome,pm25,192,93.0,129.0,97.0,1589.37
653140,2020-01-25,IT,Rome,pm25,192,59.0,85.0,72.0,544.71
653141,2020-01-01,IT,Rome,pm25,192,70.0,149.0,107.0,4833.77
653142,2020-01-27,IT,Rome,pm25,192,59.0,91.0,70.0,1074.97
653143,2020-02-28,IT,Rome,pm25,168,25.0,42.0,30.0,242.67
653144,2020-03-22,IT,Rome,pm25,168,53.0,91.0,82.0,1370.61
653145,2020-04-10,IT,Rome,pm25,192,63.0,80.0,70.0,348.69
653146,2020-01-03,IT,Rome,pm25,192,87.0,149.0,114.0,3025.13
653147,2020-01-07,IT,Rome,pm25,168,70.0,122.0,78.0,3637.98
653148,2020-02-18,IT,Rome,pm25,192,57.0,82.0,63.0,585.39
653149,2020-02-23,IT,Rome,pm25,192,70.0,87.0,78.0,275.03
653150,2020-02-15,IT,Rome,pm25,192,42.0,63.0,61.0,471.05
653151,2020-03-04,IT,Rome,pm25,192,25.0,46.0,34.0,342.88
653152,2020-04-21,IT,Rome,pm25,192,9.0,46.0,25.0,1419.9
653153,2020-04-27,IT,Rome,pm25,192,30.0,46.0,34.0,271.41
653154,2020-02-07,IT,Rome,pm25,168,55.0,76.0,63.0,505.87
653155,2020-04-02,IT,Rome,pm25,192,42.0,95.0,50.0,2514.19
653156,2020-04-14,IT,Rome,pm25,192,50.0,61.0,53.0,209.69
653157,2020-04-19,IT,Rome,pm25,144,21.0,55.0,46.0,1422.1
653158,2020-04-06,IT,Rome,pm25,168,55.0,68.0,65.0,231.99
653159,2020-01-04,IT,Rome,pm25,192,80.0,137.0,107.0,2771.31
653160,2020-02-21,IT,Rome,pm25,192,55.0,80.0,59.0,555.24
653161,2020-03-05,IT,Rome,pm25,192,21.0,42.0,30.0,580.37
653162,2020-03-29,IT,Rome,pm25,184,25.0,82.0,65.0,2519.79
653163,2020-01-16,IT,Rome,pm25,192,91.0,147.0,117.0,2416.96
653164,2020-02-02,IT,Rome,pm25,192,53.0,82.0,65.0,867.02
653165,2020-03-12,IT,Rome,pm25,192,34.0,68.0,53.0,835.45
653166,2020-04-03,IT,Rome,pm25,192,57.0,95.0,61.0,1384.71
653167,2020-03-21,IT,Rome,pm25,168,42.0,167.0,82.0,13047.5
653168,2020-01-30,IT,Rome,pm25,192,38.0,80.0,65.0,1369.48
653169,2020-01-13,IT,Rome,pm25,192,74.0,134.0,95.0,3850.05
653170,2020-02-09,IT,Rome,pm25,192,68.0,95.0,80.0,653.4
653171,2020-02-17,IT,Rome,pm25,192,55.0,97.0,74.0,1270.21
653172,2020-02-29,IT,Rome,pm25,168,34.0,53.0,46.0,421.69
653173,2020-02-22,IT,Rome,pm25,192,65.0,76.0,70.0,114.19
653174,2020-03-25,IT,Rome,pm25,168,9.0,55.0,25.0,1867.85
653175,2019-12-30,IT,Rome,pm25,168,30.0,57.0,46.0,645.06
653176,2020-01-02,IT,Rome,pm25,192,85.0,152.0,109.0,3970.52
653177,2020-02-08,IT,Rome,pm25,168,82.0,107.0,91.0,703.37
653178,2020-02-13,IT,Rome,pm25,192,50.0,65.0,59.0,276.28
653179,2020-03-15,IT,Rome,pm25,192,5.0,57.0,42.0,2888.64
653180,2020-03-18,IT,Rome,pm25,168,53.0,93.0,78.0,1353.36
653181,2020-04-26,IT,Rome,pm25,192,21.0,42.0,25.0,499.95
653182,2020-05-05,IT,Rome,pm25,192,25.0,38.0,30.0,209.69
653183,2019-12-31,IT,Rome,pm25,168,59.0,117.0,76.0,3748.02
653184,2020-01-15,IT,Rome,pm25,192,85.0,132.0,104.0,1547.43
653185,2020-01-19,IT,Rome,pm25,192,30.0,74.0,59.0,1681.1
653186,2020-02-12,IT,Rome,pm25,192,34.0,80.0,57.0,1865.81
653187,2020-01-28,IT,Rome,pm25,192,25.0,53.0,42.0,790.99
653188,2020-02-24,IT,Rome,pm25,192,53.0,63.0,57.0,94.87
653189,2020-04-05,IT,Rome,pm25,192,46.0,59.0,55.0,156.91
653190,2020-05-02,IT,Rome,pm25,192,21.0,34.0,25.0,217.23
653191,2020-05-03,IT,Rome,pm25,192,21.0,38.0,30.0,207.96
653192,2020-01-06,IT,Rome,pm25,168,25.0,46.0,30.0,484.11
653193,2020-01-26,IT,Rome,pm25,192,59.0,82.0,63.0,547.22
653194,2020-02-10,IT,Rome,pm25,192,34.0,59.0,50.0,692.98
653195,2020-04-30,IT,Rome,pm25,144,17.0,38.0,25.0,467.97
653196,2020-03-14,IT,Rome,pm25,168,25.0,63.0,57.0,1600.14
653197,2020-03-17,IT,Rome,pm25,168,50.0,80.0,68.0,691.87
653198,2020-01-17,IT,Rome,pm25,192,82.0,124.0,107.0,1562.51
653199,2020-01-18,IT,Rome,pm25,192,46.0,124.0,74.0,4346.23
653200,2020-03-31,IT,Rome,pm25,192,9.0,55.0,42.0,1711.41
653201,2020-04-12,IT,Rome,pm25,192,61.0,74.0,63.0,289.01
655772,2020-01-31,IT,Milan,pm25,96,139.0,153.0,144.0,279.79
655773,2020-05-01,IT,Milan,pm25,96,34.0,55.0,38.0,663.79
655774,2019-12-30,IT,Milan,pm25,96,117.0,129.0,124.0,209.05
655775,2020-01-29,IT,Milan,pm25,96,65.0,80.0,65.0,386.53
655776,2020-02-02,IT,Milan,pm25,96,89.0,122.0,91.0,2066.53
655777,2020-02-09,IT,Milan,pm25,96,153.0,159.0,155.0,57.47
655778,2020-03-13,IT,Milan,pm25,72,30.0,55.0,38.0,1101.97
655779,2020-04-08,IT,Milan,pm25,96,72.0,78.0,72.0,68.21
655780,2020-04-09,IT,Milan,pm25,96,65.0,87.0,70.0,740.21
655781,2020-03-12,IT,Milan,pm25,72,65.0,74.0,70.0,137.46
655782,2020-04-29,IT,Milan,pm25,96,25.0,34.0,30.0,138.32
655783,2020-01-03,IT,Milan,pm25,96,149.0,155.0,152.0,45.47
655784,2020-01-12,IT,Milan,pm25,72,127.0,142.0,134.0,380.85
655785,2020-02-01,IT,Milan,pm25,96,153.0,159.0,154.0,55.58
655786,2020-04-06,IT,Milan,pm25,96,72.0,80.0,74.0,88.42
655787,2020-04-13,IT,Milan,pm25,96,53.0,61.0,53.0,108.63
655788,2020-05-02,IT,Milan,pm25,96,21.0,34.0,25.0,229.26
655789,2020-01-24,IT,Milan,pm25,96,155.0,160.0,159.0,37.26
655790,2020-03-24,IT,Milan,pm25,96,57.0,63.0,57.0,60.63
655791,2020-04-22,IT,Milan,pm25,96,53.0,70.0,55.0,578.53
655792,2020-01-02,IT,Milan,pm25,96,134.0,151.0,137.0,419.37
655793,2020-01-10,IT,Milan,pm25,72,149.0,161.0,155.0,243.38
655794,2020-01-26,IT,Milan,pm25,96,157.0,161.0,158.0,25.26
655795,2020-03-08,IT,Milan,pm25,96,55.0,63.0,57.0,128.84
655796,2020-04-17,IT,Milan,pm25,96,34.0,80.0,38.0,3281.68
655797,2020-03-10,IT,Milan,pm25,96,65.0,89.0,72.0,783.16
655798,2020-03-11,IT,Milan,pm25,96,50.0,72.0,50.0,876.0
655799,2020-01-25,IT,Milan,pm25,96,155.0,158.0,155.0,17.05
655800,2020-02-11,IT,Milan,pm25,96,68.0,87.0,70.0,552.63
655801,2020-02-16,IT,Milan,pm25,96,151.0,155.0,151.0,32.21
655802,2020-02-24,IT,Milan,pm25,96,91.0,124.0,104.0,1507.58
655803,2020-03-22,IT,Milan,pm25,96,63.0,78.0,68.0,294.95
655804,2020-04-03,IT,Milan,pm25,96,91.0,102.0,102.0,229.26
655805,2020-05-05,IT,Milan,pm25,96,34.0,42.0,42.0,121.26
655806,2020-01-04,IT,Milan,pm25,96,114.0,124.0,119.0,126.32
655807,2020-02-05,IT,Milan,pm25,96,34.0,61.0,34.0,1381.26
655808,2020-03-07,IT,Milan,pm25,96,76.0,91.0,80.0,346.11
655809,2020-03-23,IT,Milan,pm25,96,38.0,53.0,42.0,365.68
655810,2020-03-27,IT,Milan,pm25,72,61.0,72.0,70.0,232.11
655811,2020-02-10,IT,Milan,pm25,96,104.0,153.0,142.0,4097.68
655812,2020-02-25,IT,Milan,pm25,96,112.0,139.0,119.0,992.84
655813,2020-02-26,IT,Milan,pm25,72,87.0,95.0,89.0,117.18
655814,2020-05-03,IT,Milan,pm25,96,21.0,34.0,30.0,284.84
655815,2020-01-11,IT,Milan,pm25,72,155.0,159.0,157.0,27.04
655816,2020-01-17,IT,Milan,pm25,96,142.0,157.0,154.0,335.37
655817,2020-01-30,IT,Milan,pm25,96,97.0,104.0,99.0,73.26
655818,2020-02-12,IT,Milan,pm25,96,21.0,59.0,21.0,2457.47
655819,2020-02-17,IT,Milan,pm25,96,117.0,154.0,117.0,2407.58
655820,2020-04-10,IT,Milan,pm25,96,59.0,74.0,63.0,389.05
655821,2020-04-12,IT,Milan,pm25,96,38.0,46.0,38.0,121.26
655822,2020-05-04,IT,Milan,pm25,96,30.0,42.0,34.0,202.11
655823,2020-02-14,IT,Milan,pm25,96,80.0,95.0,91.0,380.84
655824,2020-03-25,IT,Milan,pm25,96,53.0,59.0,55.0,48.0
655825,2020-03-31,IT,Milan,pm25,72,34.0,42.0,34.0,144.23
655826,2020-02-08,IT,Milan,pm25,96,114.0,139.0,124.0,803.37
655827,2020-03-14,IT,Milan,pm25,96,68.0,93.0,72.0,916.42
655828,2020-01-05,IT,Milan,pm25,96,97.0,102.0,97.0,47.37
655829,2020-01-22,IT,Milan,pm25,96,104.0,144.0,109.0,3013.89
655830,2020-02-28,IT,Milan,pm25,72,30.0,55.0,42.0,1056.9
655831,2020-03-04,IT,Milan,pm25,96,59.0,78.0,72.0,512.21
655832,2020-03-05,IT,Milan,pm25,96,59.0,68.0,65.0,108.0
655833,2020-03-06,IT,Milan,pm25,96,68.0,85.0,74.0,411.16
655834,2020-04-05,IT,Milan,pm25,96,72.0,80.0,78.0,90.95
655835,2020-04-04,IT,Milan,pm25,96,102.0,107.0,102.0,63.16
655836,2020-04-07,IT,Milan,pm25,96,80.0,91.0,80.0,257.68
655837,2020-02-03,IT,Milan,pm25,96,89.0,107.0,107.0,613.9
655838,2020-02-13,IT,Milan,pm25,96,74.0,89.0,78.0,305.05
655839,2020-04-11,IT,Milan,pm25,96,59.0,63.0,59.0,40.42
655840,2019-12-31,IT,Milan,pm25,96,134.0,151.0,142.0,406.74
655841,2020-01-20,IT,Milan,pm25,96,59.0,74.0,59.0,447.16
655842,2020-02-15,IT,Milan,pm25,96,122.0,142.0,129.0,641.68
655843,2020-02-19,IT,Milan,pm25,96,42.0,129.0,107.0,11047.6
655844,2020-02-20,IT,Milan,pm25,96,59.0,158.0,61.0,17333.1
655845,2020-02-27,IT,Milan,pm25,96,30.0,87.0,30.0,5701.26
655846,2020-03-21,IT,Milan,pm25,96,70.0,78.0,70.0,111.16
655847,2020-04-25,IT,Milan,pm25,96,38.0,57.0,46.0,461.68
655848,2020-05-06,IT,Milan,pm25,96,42.0,65.0,46.0,764.84
655849,2020-01-16,IT,Milan,pm25,96,157.0,163.0,160.0,47.37
655850,2020-01-28,IT,Milan,pm25,96,129.0,144.0,132.0,320.21
655851,2020-04-24,IT,Milan,pm25,96,70.0,87.0,78.0,370.74
655852,2020-01-15,IT,Milan,pm25,96,152.0,161.0,156.0,128.21
655853,2020-01-23,IT,Milan,pm25,96,127.0,137.0,132.0,133.89
655854,2020-02-23,IT,Milan,pm25,96,95.0,119.0,107.0,917.05
655855,2020-03-19,IT,Milan,pm25,96,70.0,102.0,89.0,1498.11
655856,2020-03-26,IT,Milan,pm25,96,53.0,63.0,55.0,149.05
655857,2020-02-07,IT,Milan,pm25,96,82.0,104.0,95.0,672.0
655858,2020-04-01,IT,Milan,pm25,96,59.0,63.0,61.0,27.79
655859,2020-04-14,IT,Milan,pm25,96,38.0,89.0,53.0,3488.21
655860,2020-01-01,IT,Milan,pm25,96,165.0,202.0,187.0,1785.47
655861,2020-01-18,IT,Milan,pm25,96,68.0,124.0,95.0,4599.79
655862,2020-02-04,IT,Milan,pm25,96,74.0,99.0,78.0,916.42
655863,2020-03-03,IT,Milan,pm25,96,55.0,70.0,68.0,396.0
655864,2020-04-02,IT,Milan,pm25,96,82.0,93.0,85.0,173.68
655865,2020-03-30,IT,Milan,pm25,73,50.0,76.0,57.0,207.4
655866,2020-01-06,IT,Milan,pm25,96,109.0,114.0,112.0,42.32
655867,2020-01-21,IT,Milan,pm25,96,97.0,112.0,102.0,348.63
655868,2020-03-28,IT,Milan,pm25,96,74.0,95.0,76.0,678.95
655869,2020-04-26,IT,Milan,pm25,96,30.0,42.0,30.0,272.84
655870,2020-04-27,IT,Milan,pm25,96,30.0,38.0,30.0,121.26
655871,2020-04-21,IT,Milan,pm25,96,55.0,65.0,63.0,149.05
655872,2020-04-23,IT,Milan,pm25,96,65.0,76.0,70.0,158.53
655873,2020-04-28,IT,Milan,pm25,96,34.0,42.0,34.0,161.68
655874,2020-01-08,IT,Milan,pm25,96,124.0,134.0,129.0,126.32
655875,2020-01-09,IT,Milan,pm25,96,147.0,155.0,154.0,113.05
655876,2020-02-22,IT,Milan,pm25,96,109.0,119.0,112.0,158.53
655877,2020-03-18,IT,Milan,pm25,96,102.0,161.0,107.0,5651.37
655878,2020-04-15,IT,Milan,pm25,96,30.0,46.0,34.0,363.79
655879,2020-04-19,IT,Milan,pm25,96,34.0,50.0,38.0,353.68
655880,2020-03-17,IT,Milan,pm25,96,93.0,104.0,97.0,158.53
655881,2020-03-29,IT,Milan,pm25,92,65.0,82.0,74.0,375.96
655882,2020-01-13,IT,Milan,pm25,72,151.0,154.0,152.0,15.77
655883,2020-02-21,IT,Milan,pm25,72,93.0,104.0,99.0,205.07
655884,2020-04-16,IT,Milan,pm25,96,57.0,65.0,61.0,88.42
655885,2020-04-20,IT,Milan,pm25,96,46.0,63.0,55.0,441.47
655886,2020-01-27,IT,Milan,pm25,96,160.0,163.0,161.0,12.63
655887,2020-02-18,IT,Milan,pm25,96,117.0,144.0,122.0,1431.79
655888,2020-03-09,IT,Milan,pm25,96,72.0,85.0,76.0,325.89
655889,2020-03-15,IT,Milan,pm25,96,65.0,85.0,65.0,749.68
655890,2020-04-18,IT,Milan,pm25,96,38.0,53.0,38.0,471.79
655891,2020-01-19,IT,Milan,pm25,96,93.0,109.0,97.0,385.89
655892,2020-02-06,IT,Milan,pm25,96,59.0,78.0,68.0,481.9
655893,2020-02-29,IT,Milan,pm25,72,65.0,78.0,70.0,290.7
655894,2020-04-30,IT,Milan,pm25,96,42.0,50.0,42.0,111.16
655895,2020-01-07,IT,Milan,pm25,96,119.0,144.0,132.0,992.21
655896,2020-01-14,IT,Milan,pm25,72,155.0,161.0,158.0,60.85
655897,2020-03-16,IT,Milan,pm25,96,70.0,80.0,70.0,169.26
655898,2020-03-20,IT,Milan,pm25,72,99.0,114.0,102.0,425.91
683664,2020-01-25,CL,Santiago,pm25,194,49.0,67.0,57.0,138.65
683665,2020-03-18,CL,Santiago,pm25,208,4.0,73.0,60.0,2261.77
683666,2020-04-03,CL,Santiago,pm25,216,48.0,100.0,78.0,1361.48
683667,2020-02-29,CL,Santiago,pm25,240,62.0,96.0,77.0,543.42
683668,2020-03-08,CL,Santiago,pm25,234,42.0,76.0,59.0,572.43
683669,2020-03-09,CL,Santiago,pm25,223,47.0,73.0,57.0,246.35
683670,2020-03-15,CL,Santiago,pm25,181,3.0,61.0,53.0,2523.26
683671,2020-02-04,CL,Santiago,pm25,239,25.0,61.0,35.0,777.39
683672,2020-02-05,CL,Santiago,pm25,240,25.0,62.0,40.0,990.4
683673,2020-02-19,CL,Santiago,pm25,240,49.0,75.0,61.0,395.82
683674,2020-04-09,CL,Santiago,pm25,212,64.0,90.0,80.0,267.44
683675,2020-01-27,CL,Santiago,pm25,240,50.0,66.0,56.0,143.74
683676,2020-02-22,CL,Santiago,pm25,232,60.0,85.0,66.0,250.13
683677,2020-03-16,CL,Santiago,pm25,201,4.0,155.0,54.0,7557.35
683678,2020-04-05,CL,Santiago,pm25,215,53.0,102.0,72.0,1083.0
683679,2020-04-27,CL,Santiago,pm25,216,25.0,77.0,38.0,1173.39
683680,2020-04-15,CL,Santiago,pm25,216,56.0,103.0,80.0,834.02
683681,2020-04-22,CL,Santiago,pm25,216,42.0,92.0,72.0,835.67
683682,2020-01-21,CL,Santiago,pm25,227,60.0,74.0,65.0,105.05
683683,2020-02-03,CL,Santiago,pm25,240,27.0,66.0,42.0,878.24
683684,2020-02-08,CL,Santiago,pm25,239,42.0,70.0,60.0,507.73
683685,2020-03-28,CL,Santiago,pm25,216,59.0,88.0,70.0,531.81
683686,2020-03-30,CL,Santiago,pm25,216,57.0,97.0,75.0,320.09
683687,2020-01-08,CL,Santiago,pm25,240,29.0,60.0,45.0,710.54
683688,2020-01-10,CL,Santiago,pm25,240,38.0,65.0,50.0,269.62
683689,2020-04-06,CL,Santiago,pm25,216,36.0,76.0,58.0,371.65
683690,2020-01-03,CL,Santiago,pm25,231,52.0,67.0,59.0,156.19
683691,2020-01-29,CL,Santiago,pm25,236,36.0,65.0,52.0,528.79
683692,2020-01-04,CL,Santiago,pm25,239,56.0,71.0,63.0,131.15
683693,2020-02-06,CL,Santiago,pm25,240,30.0,64.0,46.0,428.1
683694,2020-01-28,CL,Santiago,pm25,240,45.0,65.0,57.0,230.4
683695,2020-04-14,CL,Santiago,pm25,216,57.0,110.0,78.0,1732.82
683696,2020-05-03,CL,Santiago,pm25,240,71.0,126.0,87.0,892.34
683697,2020-01-05,CL,Santiago,pm25,240,46.0,66.0,55.0,169.33
683698,2020-01-07,CL,Santiago,pm25,236,52.0,68.0,58.0,104.97
683699,2020-01-11,CL,Santiago,pm25,240,45.0,67.0,54.0,159.55
683700,2020-01-24,CL,Santiago,pm25,226,42.0,59.0,50.0,181.37
683701,2020-05-07,CL,Santiago,pm25,207,45.0,138.0,90.0,7061.4
683702,2020-04-08,CL,Santiago,pm25,216,53.0,91.0,70.0,807.62
683703,2020-04-28,CL,Santiago,pm25,221,15.0,60.0,34.0,775.18
683704,2020-02-13,CL,Santiago,pm25,240,49.0,82.0,62.0,527.32
683705,2020-03-04,CL,Santiago,pm25,240,61.0,82.0,69.0,181.03
683706,2020-03-10,CL,Santiago,pm25,233,55.0,104.0,64.0,662.02
683707,2020-03-19,CL,Santiago,pm25,199,5.0,77.0,57.0,3891.32
683708,2020-04-02,CL,Santiago,pm25,216,46.0,89.0,68.0,1253.01
683709,2020-02-16,CL,Santiago,pm25,240,47.0,126.0,62.0,1882.66
683710,2020-04-01,CL,Santiago,pm25,216,53.0,76.0,64.0,253.12
683711,2020-01-13,CL,Santiago,pm25,240,51.0,64.0,55.0,100.83
683712,2020-02-09,CL,Santiago,pm25,240,38.0,76.0,59.0,601.97
683713,2020-03-27,CL,Santiago,pm25,209,47.0,69.0,59.0,177.41
683714,2020-05-02,CL,Santiago,pm25,240,73.0,152.0,96.0,4234.33
683715,2020-05-06,CL,Santiago,pm25,216,49.0,112.0,75.0,1654.08
683716,2020-01-17,CL,Santiago,pm25,216,63.0,78.0,70.0,125.67
683717,2020-02-10,CL,Santiago,pm25,240,45.0,92.0,61.0,396.89
683718,2020-02-20,CL,Santiago,pm25,225,59.0,81.0,72.0,297.37
683719,2020-04-23,CL,Santiago,pm25,216,63.0,89.0,77.0,239.18
683720,2020-03-29,CL,Santiago,pm25,206,63.0,110.0,77.0,834.9
683721,2020-01-01,CL,Santiago,pm25,240,53.0,117.0,69.0,1833.88
683722,2020-01-06,CL,Santiago,pm25,240,52.0,64.0,57.0,63.41
683723,2020-03-02,CL,Santiago,pm25,170,53.0,70.0,62.0,164.52
683724,2020-03-03,CL,Santiago,pm25,143,62.0,80.0,70.0,139.55
683725,2020-03-24,CL,Santiago,pm25,194,5.0,59.0,42.0,1665.38
683726,2020-04-10,CL,Santiago,pm25,210,67.0,93.0,78.0,384.87
683727,2020-01-30,CL,Santiago,pm25,240,39.0,65.0,53.0,381.06
683728,2020-02-23,CL,Santiago,pm25,240,53.0,73.0,62.0,146.05
683729,2020-03-06,CL,Santiago,pm25,228,67.0,84.0,77.0,185.43
683730,2020-03-13,CL,Santiago,pm25,231,12.0,62.0,49.0,1700.96
683731,2020-03-31,CL,Santiago,pm25,216,56.0,80.0,68.0,352.39
683732,2020-02-01,CL,Santiago,pm25,240,55.0,74.0,61.0,186.09
683733,2020-02-26,CL,Santiago,pm25,230,53.0,77.0,64.0,334.12
683734,2020-02-17,CL,Santiago,pm25,240,39.0,115.0,50.0,1962.76
683735,2020-02-18,CL,Santiago,pm25,240,39.0,66.0,51.0,427.46
683736,2020-02-25,CL,Santiago,pm25,240,57.0,71.0,61.0,107.9
683737,2020-03-01,CL,Santiago,pm25,240,54.0,93.0,73.0,595.34
683738,2020-04-18,CL,Santiago,pm25,216,65.0,136.0,92.0,3462.39
683739,2020-05-01,CL,Santiago,pm25,240,64.0,155.0,95.0,6156.66
683740,2019-12-31,CL,Santiago,pm25,240,49.0,88.0,59.0,899.12
683741,2020-01-26,CL,Santiago,pm25,240,49.0,69.0,57.0,151.81
683742,2020-02-27,CL,Santiago,pm25,240,52.0,76.0,59.0,352.87
683743,2020-03-11,CL,Santiago,pm25,240,23.0,100.0,66.0,1011.97
683744,2020-04-11,CL,Santiago,pm25,216,63.0,86.0,70.0,308.09
683745,2019-12-30,CL,Santiago,pm25,240,44.0,119.0,53.0,2393.03
683746,2020-02-12,CL,Santiago,pm25,240,65.0,105.0,75.0,549.0
683747,2020-04-30,CL,Santiago,pm25,240,45.0,100.0,70.0,720.25
683748,2020-01-12,CL,Santiago,pm25,240,51.0,64.0,56.0,100.72
683749,2020-01-20,CL,Santiago,pm25,228,56.0,69.0,62.0,116.27
683750,2020-02-07,CL,Santiago,pm25,240,37.0,76.0,53.0,735.12
683751,2020-02-15,CL,Santiago,pm25,240,65.0,93.0,77.0,499.87
683752,2020-02-14,CL,Santiago,pm25,239,52.0,82.0,64.0,447.35
683753,2020-04-25,CL,Santiago,pm25,216,57.0,82.0,69.0,352.89
683754,2020-01-14,CL,Santiago,pm25,240,50.0,65.0,57.0,135.9
683755,2020-02-28,CL,Santiago,pm25,240,54.0,81.0,63.0,357.06
683756,2020-03-25,CL,Santiago,pm25,199,5.0,59.0,39.0,980.31
683757,2020-04-07,CL,Santiago,pm25,216,46.0,80.0,61.0,675.69
683758,2020-04-17,CL,Santiago,pm25,212,74.0,135.0,98.0,1323.52
683759,2020-01-19,CL,Santiago,pm25,240,59.0,78.0,67.0,187.51
683760,2020-03-22,CL,Santiago,pm25,179,6.0,66.0,52.0,3343.68
683761,2020-04-26,CL,Santiago,pm25,216,37.0,92.0,63.0,1618.79
683762,2020-05-05,CL,Santiago,pm25,216,53.0,88.0,75.0,553.46
683763,2020-01-09,CL,Santiago,pm25,238,29.0,53.0,43.0,373.51
683764,2020-03-14,CL,Santiago,pm25,207,4.0,62.0,48.0,2329.07
683765,2020-04-13,CL,Santiago,pm25,216,59.0,84.0,74.0,320.92
683766,2020-04-29,CL,Santiago,pm25,240,27.0,97.0,65.0,2289.13
683767,2020-01-16,CL,Santiago,pm25,232,43.0,77.0,59.0,541.08
683768,2020-02-02,CL,Santiago,pm25,239,44.0,75.0,57.0,334.59
683769,2020-03-05,CL,Santiago,pm25,240,67.0,92.0,75.0,287.74
683770,2020-03-20,CL,Santiago,pm25,171,4.0,82.0,60.0,4946.9
683771,2020-03-21,CL,Santiago,pm25,165,3.0,80.0,60.0,3545.67
683772,2020-04-24,CL,Santiago,pm25,216,57.0,84.0,75.0,481.25
683773,2020-01-18,CL,Santiago,pm25,230,62.0,79.0,71.0,177.79
683774,2020-02-21,CL,Santiago,pm25,214,64.0,86.0,72.0,231.12
683775,2020-03-07,CL,Santiago,pm25,216,62.0,81.0,71.0,193.71
683776,2020-03-23,CL,Santiago,pm25,180,7.0,56.0,44.0,1486.54
683777,2020-04-16,CL,Santiago,pm25,198,74.0,125.0,92.0,1101.52
683778,2020-02-11,CL,Santiago,pm25,232,61.0,108.0,68.0,793.76
683779,2020-04-20,CL,Santiago,pm25,216,53.0,80.0,65.0,457.49
683780,2020-05-04,CL,Santiago,pm25,235,69.0,102.0,83.0,551.49
683781,2020-05-08,CL,Santiago,pm25,36,51.0,123.0,92.0,4043.52
683782,2020-04-19,CL,Santiago,pm25,216,58.0,116.0,74.0,1310.32
683783,2020-01-23,CL,Santiago,pm25,240,45.0,66.0,55.0,167.35
683784,2020-03-12,CL,Santiago,pm25,239,13.0,76.0,58.0,1699.06
683785,2020-03-26,CL,Santiago,pm25,210,7.0,65.0,51.0,1594.8
683786,2020-04-04,CL,Santiago,pm25,216,65.0,113.0,86.0,823.16
683787,2020-04-12,CL,Santiago,pm25,216,69.0,90.0,78.0,209.57
683788,2020-03-17,CL,Santiago,pm25,204,4.0,154.0,56.0,8053.35
683789,2020-04-21,CL,Santiago,pm25,214,35.0,87.0,66.0,1256.58
683790,2020-01-02,CL,Santiago,pm25,237,50.0,89.0,57.0,458.4
683791,2020-01-15,CL,Santiago,pm25,240,45.0,64.0,54.0,235.64
683792,2020-01-22,CL,Santiago,pm25,239,57.0,71.0,64.0,122.14
683793,2020-01-31,CL,Santiago,pm25,239,53.0,70.0,61.0,135.06
683794,2020-02-24,CL,Santiago,pm25,240,53.0,70.0,59.0,99.58
723885,2020-01-03,GB,London,pm25,601,1.0,107.0,30.0,2071.44
723886,2020-02-05,GB,London,pm25,613,3.0,188.0,59.0,3999.76
723887,2020-03-18,GB,London,pm25,625,5.0,102.0,32.0,1230.26
723888,2020-04-13,GB,London,pm25,591,7.0,80.0,33.0,1591.06
723889,2020-04-11,GB,London,pm25,633,16.0,124.0,69.0,4096.93
723890,2019-12-30,GB,London,pm25,601,26.0,156.0,67.0,2642.68
723891,2020-01-06,GB,London,pm25,620,3.0,149.0,30.0,1749.22
723892,2020-01-22,GB,London,pm25,619,11.0,144.0,83.0,4707.52
723893,2020-01-31,GB,London,pm25,589,1.0,50.0,18.0,983.45
723894,2020-02-23,GB,London,pm25,567,1.0,61.0,20.0,1746.0
723895,2020-03-03,GB,London,pm25,311,3.0,79.0,41.0,2214.51
723896,2020-03-23,GB,London,pm25,612,9.0,178.0,48.0,1958.98
723897,2020-01-28,GB,London,pm25,530,1.0,55.0,21.0,1384.87
723898,2020-03-29,GB,London,pm25,564,3.0,72.0,24.0,1090.49
723899,2020-04-25,GB,London,pm25,646,13.0,102.0,45.0,1671.66
723900,2020-03-17,GB,London,pm25,624,1.0,91.0,30.0,1234.83
723901,2020-04-05,GB,London,pm25,548,7.0,102.0,40.0,1804.3
723902,2020-04-06,GB,London,pm25,559,5.0,179.0,32.0,1883.9
723903,2020-01-12,GB,London,pm25,589,1.0,112.0,21.0,1445.9
723904,2020-03-10,GB,London,pm25,599,1.0,137.0,15.0,1395.45
723905,2020-04-08,GB,London,pm25,608,21.0,181.0,93.0,8042.1
723906,2020-03-02,GB,London,pm25,469,1.0,63.0,21.0,1364.45
723907,2020-04-12,GB,London,pm25,609,13.0,107.0,61.0,3346.97
723908,2020-04-17,GB,London,pm25,621,5.0,114.0,38.0,2899.12
723909,2020-05-08,GB,London,pm25,157,34.0,78.0,59.0,685.0
723910,2020-05-05,GB,London,pm25,593,1.0,64.0,25.0,916.22
723911,2020-01-14,GB,London,pm25,573,1.0,124.0,25.0,2273.58
723912,2020-02-07,GB,London,pm25,640,29.0,193.0,69.0,3562.31
723913,2020-02-21,GB,London,pm25,622,3.0,82.0,31.0,1619.39
723914,2020-03-06,GB,London,pm25,612,3.0,112.0,39.0,4891.48
723915,2020-03-11,GB,London,pm25,589,2.0,57.0,18.0,1006.6
723916,2020-04-04,GB,London,pm25,567,1.0,101.0,46.0,4344.78
723917,2020-04-28,GB,London,pm25,589,1.0,61.0,25.0,1278.27
723918,2020-02-25,GB,London,pm25,613,1.0,60.0,17.0,1068.62
723919,2020-03-26,GB,London,pm25,586,9.0,263.0,79.0,3712.68
723920,2020-04-20,GB,London,pm25,633,9.0,70.0,41.0,1108.32
723921,2020-01-01,GB,London,pm25,603,25.0,236.0,95.0,6266.04
723922,2020-01-05,GB,London,pm25,594,1.0,102.0,23.0,1887.78
723923,2020-02-04,GB,London,pm25,612,1.0,91.0,30.0,2103.19
723924,2020-02-24,GB,London,pm25,591,1.0,57.0,18.0,1223.57
723925,2020-03-27,GB,London,pm25,600,41.0,124.0,78.0,2305.64
723926,2020-03-31,GB,London,pm25,589,2.0,63.0,30.0,1522.26
723927,2020-04-07,GB,London,pm25,570,6.0,132.0,50.0,4183.31
723928,2020-04-23,GB,London,pm25,640,31.0,111.0,63.0,1659.02
723929,2020-05-01,GB,London,pm25,573,2.0,63.0,24.0,1107.87
723930,2020-04-26,GB,London,pm25,641,11.0,102.0,50.0,2011.56
723931,2020-01-11,GB,London,pm25,604,1.0,65.0,28.0,1142.17
723932,2020-01-15,GB,London,pm25,571,2.0,63.0,28.0,1548.31
723933,2020-01-19,GB,London,pm25,618,13.0,126.0,46.0,4562.99
723934,2020-02-12,GB,London,pm25,587,1.0,74.0,24.0,1522.84
723935,2020-02-20,GB,London,pm25,577,1.0,55.0,18.0,1186.4
723936,2020-02-22,GB,London,pm25,612,3.0,104.0,38.0,1813.57
723937,2020-03-04,GB,London,pm25,619,3.0,105.0,38.0,1748.07
723938,2020-01-27,GB,London,pm25,599,2.0,112.0,21.0,1435.61
723939,2020-04-10,GB,London,pm25,605,17.0,175.0,88.0,4707.75
723940,2020-04-14,GB,London,pm25,582,1.0,70.0,31.0,1179.29
723941,2020-04-24,GB,London,pm25,641,28.0,129.0,62.0,3344.95
723942,2020-01-16,GB,London,pm25,565,5.0,122.0,29.0,1325.22
723943,2020-02-01,GB,London,pm25,642,1.0,102.0,31.0,1760.49
723944,2020-03-09,GB,London,pm25,627,1.0,82.0,25.0,1825.93
723945,2020-02-15,GB,London,pm25,602,1.0,55.0,20.0,1053.03
723946,2020-02-17,GB,London,pm25,620,2.0,124.0,30.0,1424.31
723947,2020-04-29,GB,London,pm25,591,4.0,61.0,29.0,1137.3
723948,2019-12-31,GB,London,pm25,600,21.0,193.0,70.0,3326.69
723949,2020-01-18,GB,London,pm25,626,3.0,93.0,38.0,2095.33
723950,2020-02-03,GB,London,pm25,651,3.0,95.0,35.0,1337.39
723951,2020-02-16,GB,London,pm25,566,1.0,107.0,16.0,1341.13
723952,2020-02-27,GB,London,pm25,636,2.0,76.0,25.0,1752.94
723953,2020-03-22,GB,London,pm25,617,18.0,72.0,40.0,871.43
723954,2020-05-04,GB,London,pm25,590,6.0,74.0,38.0,1463.06
723955,2020-01-10,GB,London,pm25,596,3.0,85.0,33.0,1584.22
723956,2020-01-17,GB,London,pm25,579,1.0,89.0,25.0,1154.78
723957,2020-03-05,GB,London,pm25,614,8.0,78.0,38.0,2012.1
723958,2020-03-08,GB,London,pm25,647,1.0,72.0,25.0,1329.8
723959,2020-03-30,GB,London,pm25,579,2.0,70.0,23.0,977.05
723960,2020-04-01,GB,London,pm25,572,11.0,109.0,36.0,1736.46
723961,2020-04-18,GB,London,pm25,618,9.0,149.0,52.0,2752.06
723962,2020-05-02,GB,London,pm25,588,2.0,98.0,23.0,1917.71
723963,2020-01-23,GB,London,pm25,615,10.0,99.0,59.0,3331.76
723964,2020-02-09,GB,London,pm25,567,1.0,79.0,25.0,2561.32
723965,2020-02-26,GB,London,pm25,612,1.0,80.0,21.0,1853.86
723966,2020-02-28,GB,London,pm25,636,1.0,82.0,25.0,1888.99
723967,2020-03-01,GB,London,pm25,616,1.0,68.0,23.0,1145.85
723968,2020-03-14,GB,London,pm25,599,1.0,125.0,25.0,1268.62
723969,2020-04-21,GB,London,pm25,634,13.0,82.0,44.0,1140.01
723970,2020-03-15,GB,London,pm25,618,1.0,63.0,22.0,1374.93
723971,2020-05-06,GB,London,pm25,604,5.0,87.0,44.0,1668.11
723972,2020-01-04,GB,London,pm25,603,3.0,75.0,30.0,2077.0
723973,2020-01-24,GB,London,pm25,606,7.0,132.0,58.0,3043.0
723974,2020-03-24,GB,London,pm25,593,17.0,303.0,51.0,3161.79
723975,2020-04-02,GB,London,pm25,565,3.0,90.0,25.0,1253.87
723976,2020-05-03,GB,London,pm25,590,1.0,74.0,35.0,1882.71
723977,2020-02-10,GB,London,pm25,595,2.0,119.0,26.0,1983.07
723978,2020-03-21,GB,London,pm25,610,1.0,87.0,29.0,1811.05
723979,2020-03-25,GB,London,pm25,562,14.0,144.0,65.0,3031.28
723980,2020-03-13,GB,London,pm25,585,3.0,73.0,31.0,1447.4
723981,2020-01-07,GB,London,pm25,605,1.0,70.0,35.0,2108.64
723982,2020-03-12,GB,London,pm25,583,3.0,72.0,26.0,1517.28
723983,2020-01-26,GB,London,pm25,627,6.0,142.0,52.0,3497.37
723984,2020-01-29,GB,London,pm25,587,5.0,102.0,33.0,1151.62
723985,2020-01-13,GB,London,pm25,594,2.0,161.0,21.0,1428.1
723986,2020-04-30,GB,London,pm25,583,1.0,67.0,22.0,1164.63
723987,2020-01-25,GB,London,pm25,605,12.0,104.0,70.0,2545.9
723988,2020-02-13,GB,London,pm25,581,1.0,123.0,25.0,1881.74
723989,2020-04-15,GB,London,pm25,616,6.0,154.0,59.0,2704.64
723990,2020-04-27,GB,London,pm25,616,10.0,120.0,57.0,2285.94
723991,2020-01-09,GB,London,pm25,590,1.0,71.0,25.0,1896.79
723992,2020-02-11,GB,London,pm25,591,1.0,97.0,28.0,1263.32
723993,2020-04-03,GB,London,pm25,557,2.0,104.0,31.0,2924.59
723994,2020-05-07,GB,London,pm25,617,17.0,93.0,56.0,1781.12
723995,2020-02-06,GB,London,pm25,609,19.0,193.0,65.0,3916.14
723996,2020-01-08,GB,London,pm25,608,1.0,152.0,50.0,5235.22
723997,2020-01-20,GB,London,pm25,603,46.0,137.0,78.0,2329.26
723998,2020-02-29,GB,London,pm25,620,2.0,113.0,29.0,3795.76
723999,2020-03-28,GB,London,pm25,606,5.0,91.0,46.0,6265.83
724000,2020-04-22,GB,London,pm25,637,33.0,76.0,54.0,738.51
724001,2020-01-02,GB,London,pm25,610,1.0,189.0,30.0,3480.87
724002,2020-03-19,GB,London,pm25,623,6.0,87.0,42.0,2144.65
724003,2020-02-08,GB,London,pm25,642,1.0,127.0,34.0,2213.76
724004,2020-02-19,GB,London,pm25,576,1.0,72.0,30.0,1820.47
724005,2020-03-07,GB,London,pm25,616,6.0,197.0,48.0,3492.09
724006,2020-01-21,GB,London,pm25,635,39.0,133.0,86.0,2607.97
724007,2020-02-14,GB,London,pm25,617,2.0,107.0,41.0,1701.24
724008,2020-02-18,GB,London,pm25,570,1.0,104.0,25.0,1255.18
724009,2020-03-16,GB,London,pm25,622,1.0,104.0,35.0,1484.61
724010,2020-04-19,GB,London,pm25,603,9.0,84.0,41.0,1925.82
724011,2020-01-30,GB,London,pm25,606,1.0,95.0,25.0,1301.98
724012,2020-02-02,GB,London,pm25,645,1.0,103.0,38.0,2628.96
724013,2020-03-20,GB,London,pm25,621,1.0,59.0,25.0,992.14
724014,2020-04-09,GB,London,pm25,615,14.0,164.0,93.0,18216.3
724015,2020-04-16,GB,London,pm25,623,14.0,181.0,97.0,5696.51
